latitude,longitude,k_value,description
-30.1318,119.3872,0.4,"Continental crust, Undifferentiated facies - Archean"
-31.9608,123.2791,0.9,"Continental crust, Endogenous rocks (plutonic and/or metamorphic) - Paleoproterozoic"
-29.6671,124.159,0.5,"Continental crust, Sedimentary rocks or undifferentiated facies - Upper Paleozoic"
-26.2586,115.4128,0.5,"Continental crust, Sedimentary rocks or undifferentiated facies - Upper Paleozoic"
-31.7744,115.6097,0.5,"Continental crust, Sedimentary rocks or undifferentiated facies - Mesozoic"
-32.1978,115.6619,0.5,"Continental crust, Sedimentary rocks or undifferentiated facies - Mesozoic"
-33.3248,115.5906,0.5,"Continental crust, Sedimentary rocks or undifferentiated facies - Cenozoic"
-30.4215,115.2071,0.5,"Continental crust, Sedimentary rocks or undifferentiated facies - Cenozoic"
-30.4522,115.8225,0.5,"Continental crust, Sedimentary rocks or undifferentiated facies - Mesoproterozoic"
-34.9208,118.4538,0.9,"Continental crust, Endogenous rocks (plutonic and/or metamorphic) - Mesoproterozoic"
-34.1338,122.2386,0.9,"Continental crust, Endogenous rocks (plutonic and/or metamorphic) - Mesoproterozoic"
-34.1012,123.1922,0.9,"Continental crust, Endogenous rocks (plutonic and/or metamorphic) - Mesoproterozoic"
-34.6219,117.5545,0.9,"Continental crust, Endogenous rocks (plutonic and/or metamorphic) - Mesoproterozoic"
-33.9141,115.0649,0.9,"Continental crust, Endogenous rocks (plutonic and/or metamorphic) - Mesoproterozoic"
-33.0227,123.2474,0.9,"Continental crust, Endogenous rocks (plutonic and/or metamorphic) - Mesoproterozoic"
-30.4576,124.791,0.9,"Continental crust, Endogenous rocks (plutonic and/or metamorphic) - Mesoproterozoic"
-18.9161,135.2252,0.4,"Continental or island shelf (depth lower than 200 m), except Antarctica"
-26.4698,127.0531,0.5,"Continental crust, Sedimentary rocks or undifferentiated facies - Cenozoic"
-27.9825,114.3065,0.5,"Continental crust, Sedimentary rocks or undifferentiated facies - Mesozoic"
-28.2498,115.0679,0.5,"Continental crust, Sedimentary rocks or undifferentiated facies - Lower Paleozoic"
-27.7794,114.4785,0.5,"Continental crust, Sedimentary rocks or undifferentiated facies - Lower Paleozoic"
-25.9663,119.2099,0.4,"Continental crust, Undifferentiated facies - Archean"
-30.1318,119.3872,0.4,"Continental crust, Undifferentiated facies - Archean"
-25.3691,119.6835,0.4,"Continental crust, Undifferentiated facies - Archean"
-23.7216,119.6635,0.4,"Continental crust, Undifferentiated facies - Archean"
-21.4867,118.7783,0.4,"Continental crust, Undifferentiated facies - Archean"
-17.5993,118.9291,0.4,"Continental or island shelf (depth lower than 200 m), except Antarctica"
-17.3608,119.3175,0.4,"Continental or island shelf (depth lower than 200 m), except Antarctica"
-17.1347,119.5953,0.4,"Continental or island shelf (depth lower than 200 m), except Antarctica"
-15.3555,124.5472,0.8,"Continental crust, Extrusive volcanic rocks (traps exepted) - Paleoproterozoic"
-19.6747,123.2658,0.5,"Continental crust, Sedimentary rocks or undifferentiated facies - Mesozoic"
-23.789,121.5578,0.5,"Continental crust, Sedimentary rocks or undifferentiated facies - Lower Paleozoic"
-27.5174,123.7325,0.5,"Continental crust, Sedimentary rocks or undifferentiated facies - Upper Paleozoic"
-26.428,124.6991,0.5,"Continental crust, Sedimentary rocks or undifferentiated facies - Upper Paleozoic"
-26.4154,122.9551,0.5,"Continental crust, Sedimentary rocks or undifferentiated facies - Upper Paleozoic"
-24.6517,116.5108,0.9,"Continental crust, Endogenous rocks (plutonic and/or metamorphic) - Paleoproterozoic"
-16.9988,125.29,0.8,"Continental crust, Extrusive volcanic rocks (traps exepted) - Paleoproterozoic"
-31.9608,123.2791,0.9,"Continental crust, Endogenous rocks (plutonic and/or metamorphic) - Paleoproterozoic"
-17.4419,125.0581,0.9,"Continental crust, Endogenous rocks (plutonic and/or metamorphic) - Paleoproterozoic"
-29.6671,124.159,0.5,"Continental crust, Sedimentary rocks or undifferentiated facies - Upper Paleozoic"
-28.4865,124.5162,0.5,"Continental crust, Sedimentary rocks or undifferentiated facies - Upper Paleozoic"
-28.0889,124.5496,0.5,"Continental crust, Sedimentary rocks or undifferentiated facies - Upper Paleozoic"
-24.1734,124.2508,0.5,"Continental crust, Sedimentary rocks or undifferentiated facies - Upper Paleozoic"
-26.2586,115.4128,0.5,"Continental crust, Sedimentary rocks or undifferentiated facies - Upper Paleozoic"
-21.6345,125.4121,0.5,"Continental crust, Sedimentary rocks or undifferentiated facies - Upper Paleozoic"
-21.9682,122.3875,0.5,"Continental crust, Sedimentary rocks or undifferentiated facies - Upper Paleozoic"
-18.9935,125.8489,0.5,"Continental crust, Sedimentary rocks or undifferentiated facies - Upper Paleozoic"
-31.7744,115.6097,0.5,"Continental crust, Sedimentary rocks or undifferentiated facies - Mesozoic"
-17.7352,123.0611,0.5,"Continental crust, Sedimentary rocks or undifferentiated facies - Mesozoic"
-17.9525,123.8461,0.5,"Continental crust, Sedimentary rocks or undifferentiated facies - Mesozoic"
-26.194,125.7624,0.5,"Continental crust, Sedimentary rocks or undifferentiated facies - Mesozoic"
-25.8684,124.0332,0.5,"Continental crust, Sedimentary rocks or undifferentiated facies - Mesozoic"
-25.2817,125.3685,0.5,"Continental crust, Sedimentary rocks or undifferentiated facies - Mesozoic"
-24.7624,123.767,0.5,"Continental crust, Sedimentary rocks or undifferentiated facies - Mesozoic"
-25.3619,114.607,0.5,"Continental crust, Sedimentary rocks or undifferentiated facies - Mesozoic"
-22.1366,125.0249,0.5,"Continental crust, Sedimentary rocks or undifferentiated facies - Mesozoic"
-21.8587,124.4596,0.5,"Continental crust, Sedimentary rocks or undifferentiated facies - Mesozoic"
-20.3449,120.3458,0.5,"Continental crust, Sedimentary rocks or undifferentiated facies - Mesozoic"
-25.8069,113.0405,0.5,"Continental crust, Sedimentary rocks or undifferentiated facies - Cenozoic"
-25.2044,113.0712,0.5,"Continental crust, Sedimentary rocks or undifferentiated facies - Cenozoic"
-30.4215,115.2071,0.5,"Continental crust, Sedimentary rocks or undifferentiated facies - Cenozoic"
-24.8713,113.1338,0.5,"Continental crust, Sedimentary rocks or undifferentiated facies - Cenozoic"
-22.577,119.1354,0.5,"Continental crust, Sedimentary rocks or undifferentiated facies - Cenozoic"
-20.781,115.3886,0.5,"Continental crust, Sedimentary rocks or undifferentiated facies - Cenozoic"
-23.7422,114.3702,0.5,"Continental crust, Sedimentary rocks or undifferentiated facies - Cenozoic"
-27.404,115.6826,0.5,"Continental crust, Sedimentary rocks or undifferentiated facies - Mesoproterozoic"
-24.7287,122.624,0.5,"Continental crust, Sedimentary rocks or undifferentiated facies - Mesoproterozoic"
-24.3654,119.2234,0.5,"Continental crust, Sedimentary rocks or undifferentiated facies - Mesoproterozoic"
-15.2582,124.8174,0.5,"Continental crust, Sedimentary rocks or undifferentiated facies - Paleoproterozoic"
-14.9857,124.9051,0.5,"Continental crust, Sedimentary rocks or undifferentiated facies - Paleoproterozoic"
-16.2189,126.6283,0.5,"Continental crust, Sedimentary rocks or undifferentiated facies - Paleoproterozoic"
-22.8034,118.2208,0.5,"Continental crust, Sedimentary rocks or undifferentiated facies - Paleoproterozoic to Archean"
-21.9692,120.8852,0.5,"Continental crust, Sedimentary rocks or undifferentiated facies - Paleoproterozoic to Archean"
-21.9776,121.9246,0.5,"Continental crust, Sedimentary rocks or undifferentiated facies - Mesoproterozoic"
-29.3893,124.924,0.9,"Continental crust, Endogenous rocks (plutonic and/or metamorphic) - Mesoproterozoic"
-28.4288,114.7846,0.9,"Continental crust, Endogenous rocks (plutonic and/or metamorphic) - Mesoproterozoic"
-22.8649,122.6326,0.9,"Continental crust, Endogenous rocks (plutonic and/or metamorphic) - Mesoproterozoic"
-22.9279,117.6147,0.5,"Continental crust, Sedimentary rocks or undifferentiated facies - Paleoproterozoic to Archean"
-22.6867,116.9053,0.5,"Continental crust, Sedimentary rocks or undifferentiated facies - Paleoproterozoic to Archean"
-26.9579,124.0088,0.5,"Continental crust, Sedimentary rocks or undifferentiated facies - Paleoproterozoic"
-23.0553,116.661,0.5,"Continental crust, Sedimentary rocks or undifferentiated facies - Paleoproterozoic"
-15.594,124.7046,0.8,"Continental crust, Extrusive volcanic rocks (traps exepted) - Paleoproterozoic"
-15.2901,124.3993,0.8,"Continental crust, Extrusive volcanic rocks (traps exepted) - Paleoproterozoic"
-18.9161,135.2252,0.4,"Continental or island shelf (depth lower than 200 m), except Antarctica"
-22.893,117.2743,0.4,"Continental crust, Undifferentiated facies - Archean"
-26.4698,127.0531,0.5,"Continental crust, Sedimentary rocks or undifferentiated facies - Cenozoic"
-23.9376,121.6672,0.5,"Continental crust, Sedimentary rocks or undifferentiated facies - Neoproterozoic"
-26.132,120.4889,0.5,"Continental crust, Sedimentary rocks or undifferentiated facies - Paleoproterozoic"
-0.5093,119.968,0.5,"Continental crust, Sedimentary rocks or undifferentiated facies - Mesozoic"
0.1985,112.7385,0.5,"Continental crust, Sedimentary rocks or undifferentiated facies - Mesozoic"
-3.5104,121.8406,0.4,Ophiolitic complex of Meso-Cenozoic age
-1.794,115.9769,0.4,Ophiolitic complex of Meso-Cenozoic age
-1.1811,122.2465,0.4,Ophiolitic complex of Meso-Cenozoic age
-11.4465,124.3849,0.4,"Continental or island shelf (depth lower than 200 m), except Antarctica"
-7.4565,117.3277,0.4,"Continental or island shelf (depth lower than 200 m), except Antarctica"
-7.1008,118.1751,0.4,"Continental or island shelf (depth lower than 200 m), except Antarctica"
-6.7844,118.7498,0.4,"Continental or island shelf (depth lower than 200 m), except Antarctica"
-6.6235,121.0834,0.4,"Continental or island shelf (depth lower than 200 m), except Antarctica"
-5.9414,118.19,0.4,"Continental or island shelf (depth lower than 200 m), except Antarctica"
-5.4721,118.4331,0.4,"Continental or island shelf (depth lower than 200 m), except Antarctica"
-5.4678,117.6036,0.4,"Continental or island shelf (depth lower than 200 m), except Antarctica"
-3.6686,121.5297,0.5,"Continental crust, Sedimentary rocks or undifferentiated facies - Upper Paleozoic"
-1.2571,120.4954,0.5,"Continental crust, Sedimentary rocks or undifferentiated facies - Cenozoic"
-1.3036,121.5462,0.5,"Continental crust, Sedimentary rocks or undifferentiated facies - Cenozoic"
-5.3122,123.5835,0.5,"Continental crust, Sedimentary rocks or undifferentiated facies - Cenozoic"
-5.336,121.9619,0.5,"Continental crust, Sedimentary rocks or undifferentiated facies - Cenozoic"
-5.0345,122.5279,0.5,"Continental crust, Sedimentary rocks or undifferentiated facies - Cenozoic"
-5.0269,122.9535,0.5,"Continental crust, Sedimentary rocks or undifferentiated facies - Cenozoic"
-4.4156,122.0883,0.5,"Continental crust, Sedimentary rocks or undifferentiated facies - Cenozoic"
-4.1037,123.1048,0.5,"Continental crust, Sedimentary rocks or undifferentiated facies - Cenozoic"
-3.5864,123.1239,0.5,"Continental crust, Sedimentary rocks or undifferentiated facies - Cenozoic"
-4.1789,120.0223,0.5,"Continental crust, Sedimentary rocks or undifferentiated facies - Cenozoic"
-3.7835,116.1591,0.5,"Continental crust, Sedimentary rocks or undifferentiated facies - Cenozoic"
-1.3833,122.355,0.5,"Continental crust, Sedimentary rocks or undifferentiated facies - Cenozoic"
-1.3642,123.1434,0.5,"Continental crust, Sedimentary rocks or undifferentiated facies - Cenozoic"
-9.6697,119.443,0.5,"Continental crust, Sedimentary rocks or undifferentiated facies - Mesozoic"
-9.6076,124.1901,0.5,"Continental crust, Sedimentary rocks or undifferentiated facies - Mesozoic"
-8.8407,125.526,0.5,"Continental crust, Sedimentary rocks or undifferentiated facies - Mesozoic"
-3.5092,116.3795,0.5,"Continental crust, Sedimentary rocks or undifferentiated facies - Cenozoic"
-2.9427,115.9501,0.5,"Continental crust, Sedimentary rocks or undifferentiated facies - Cenozoic"
-2.044,123.8665,0.5,"Continental crust, Sedimentary rocks or undifferentiated facies - Upper Paleozoic"
-2.0226,123.7706,0.5,"Continental crust, Sedimentary rocks or undifferentiated facies - Upper Paleozoic"
-1.9897,124.3377,0.5,"Continental crust, Sedimentary rocks or undifferentiated facies - Upper Paleozoic"
-1.9407,123.477,0.5,"Continental crust, Sedimentary rocks or undifferentiated facies - Upper Paleozoic"
-1.921,123.543,0.5,"Continental crust, Sedimentary rocks or undifferentiated facies - Upper Paleozoic"
-1.9325,123.6544,0.5,"Continental crust, Sedimentary rocks or undifferentiated facies - Upper Paleozoic"
-1.9301,123.7213,0.5,"Continental crust, Sedimentary rocks or undifferentiated facies - Upper Paleozoic"
-1.9001,123.681,0.5,"Continental crust, Sedimentary rocks or undifferentiated facies - Upper Paleozoic"
-1.9497,123.8106,0.5,"Continental crust, Sedimentary rocks or undifferentiated facies - Upper Paleozoic"
-1.8706,123.7634,0.5,"Continental crust, Sedimentary rocks or undifferentiated facies - Upper Paleozoic"
-1.8717,123.3753,0.5,"Continental crust, Sedimentary rocks or undifferentiated facies - Upper Paleozoic"
-1.8272,123.1051,0.5,"Continental crust, Sedimentary rocks or undifferentiated facies - Upper Paleozoic"
-1.7359,123.326,0.5,"Continental crust, Sedimentary rocks or undifferentiated facies - Upper Paleozoic"
-1.8273,124.5523,0.5,"Continental crust, Sedimentary rocks or undifferentiated facies - Upper Paleozoic"
-1.8532,120.8128,0.5,"Continental crust, Sedimentary rocks or undifferentiated facies - Upper Paleozoic"
-0.9432,112.1349,0.5,"Continental crust, Sedimentary rocks or undifferentiated facies - Upper Paleozoic"
-3.5492,122.3161,0.5,"Continental crust, Sedimentary rocks or undifferentiated facies - Mesozoic"
-3.447,122.4335,0.5,"Continental crust, Sedimentary rocks or undifferentiated facies - Mesozoic"
-3.5318,122.2008,0.5,"Continental crust, Sedimentary rocks or undifferentiated facies - Mesozoic"
1.7926,115.3906,0.5,"Continental crust, Sedimentary rocks or undifferentiated facies - Mesozoic"
-1.0108,111.749,0.9,"Continental crust, Endogenous rocks (plutonic and/or metamorphic) - Mesozoic"
-2.6789,120.8555,0.5,"Continental crust, Sedimentary rocks or undifferentiated facies - Mesozoic"
-1.7887,125.0123,0.5,"Continental crust, Sedimentary rocks or undifferentiated facies - Mesozoic"
-1.8811,111.7706,0.5,"Continental crust, Sedimentary rocks or undifferentiated facies - Mesozoic"
-1.8871,110.8839,0.9,"Continental crust, Endogenous rocks (plutonic and/or metamorphic) - Mesozoic"
-5.9544,124.0176,0.5,"Continental crust, Sedimentary rocks or undifferentiated facies - Cenozoic"
-9.1089,124.7406,0.8,"Continental crust, Extrusive volcanic rocks (traps exepted) - Cenozoic"
-5.7973,112.6629,0.8,"Continental crust, Extrusive volcanic rocks (traps exepted) - Cenozoic"
-5.5302,123.761,0.5,"Continental crust, Sedimentary rocks or undifferentiated facies - Cenozoic"
-6.0972,120.4939,0.5,"Continental crust, Sedimentary rocks or undifferentiated facies - Cenozoic"
-10.7086,123.1357,0.5,"Continental crust, Sedimentary rocks or undifferentiated facies - Cenozoic"
-10.5231,121.8666,0.5,"Continental crust, Sedimentary rocks or undifferentiated facies - Cenozoic"
-10.2466,123.4026,0.5,"Continental crust, Sedimentary rocks or undifferentiated facies - Cenozoic"
-9.7508,120.0323,0.5,"Continental crust, Sedimentary rocks or undifferentiated facies - Cenozoic"
-8.8112,116.1435,0.5,"Continental crust, Sedimentary rocks or undifferentiated facies - Cenozoic"
-8.7346,115.5506,0.5,"Continental crust, Sedimentary rocks or undifferentiated facies - Cenozoic"
-8.7375,115.1858,0.5,"Continental crust, Sedimentary rocks or undifferentiated facies - Cenozoic"
-8.472,113.3397,0.5,"Continental crust, Sedimentary rocks or undifferentiated facies - Cenozoic"
-9.3631,125.0102,0.5,"Continental crust, Sedimentary rocks or undifferentiated facies - Cenozoic"
-8.4247,120.6941,0.5,"Continental crust, Sedimentary rocks or undifferentiated facies - Cenozoic"
-7.1217,114.3558,0.5,"Continental crust, Sedimentary rocks or undifferentiated facies - Cenozoic"
-7.0339,113.3498,0.5,"Continental crust, Sedimentary rocks or undifferentiated facies - Cenozoic"
-6.9159,115.3743,0.5,"Continental crust, Sedimentary rocks or undifferentiated facies - Cenozoic"
-1.5994,119.6399,0.5,"Continental crust, Sedimentary rocks or undifferentiated facies - Cenozoic"
-0.6785,123.1532,0.5,"Continental crust, Sedimentary rocks or undifferentiated facies - Cenozoic"
-8.7215,119.669,0.8,"Continental crust, Extrusive volcanic rocks (traps exepted) - Cenozoic"
-4.7917,115.8142,0.5,"Continental crust, Sedimentary rocks or undifferentiated facies - Cenozoic"
-8.5061,123.0118,0.8,"Continental crust, Extrusive volcanic rocks (traps exepted) - Cenozoic"
-8.5708,119.4665,0.8,"Continental crust, Extrusive volcanic rocks (traps exepted) - Cenozoic"
-2.7806,119.4771,0.8,"Continental crust, Extrusive volcanic rocks (traps exepted) - Cenozoic"
-9.9496,120.0667,0.8,"Continental crust, Extrusive volcanic rocks (traps exepted) - Cenozoic"
-8.3322,123.1896,0.8,"Continental crust, Extrusive volcanic rocks (traps exepted) - Cenozoic"
-8.5177,116.4066,0.8,"Continental crust, Extrusive volcanic rocks (traps exepted) - Cenozoic"
-8.394,123.5561,0.8,"Continental crust, Extrusive volcanic rocks (traps exepted) - Cenozoic"
-8.3863,124.1326,0.8,"Continental crust, Extrusive volcanic rocks (traps exepted) - Cenozoic"
-8.2482,117.5595,0.8,"Continental crust, Extrusive volcanic rocks (traps exepted) - Cenozoic"
-8.2001,119.0741,0.8,"Continental crust, Extrusive volcanic rocks (traps exepted) - Cenozoic"
-8.2927,124.7176,0.8,"Continental crust, Extrusive volcanic rocks (traps exepted) - Cenozoic"
-8.6313,117.8575,0.8,"Continental crust, Extrusive volcanic rocks (traps exepted) - Cenozoic"
-8.6406,121.2618,0.8,"Continental crust, Extrusive volcanic rocks (traps exepted) - Cenozoic"
-8.3346,115.1279,0.8,"Continental crust, Extrusive volcanic rocks (traps exepted) - Cenozoic"
-7.9333,113.0917,0.8,"Continental crust, Extrusive volcanic rocks (traps exepted) - Cenozoic"
-7.3789,121.7935,0.8,"Continental crust, Extrusive volcanic rocks (traps exepted) - Cenozoic"
-7.3514,121.1129,0.8,"Continental crust, Extrusive volcanic rocks (traps exepted) - Cenozoic"
-7.3007,120.9304,0.8,"Continental crust, Extrusive volcanic rocks (traps exepted) - Cenozoic"
-7.4438,110.3625,0.8,"Continental crust, Extrusive volcanic rocks (traps exepted) - Cenozoic"
-7.091,120.6946,0.8,"Continental crust, Extrusive volcanic rocks (traps exepted) - Cenozoic"
-6.6111,110.8578,0.8,"Continental crust, Extrusive volcanic rocks (traps exepted) - Cenozoic"
-5.0444,119.8337,0.8,"Continental crust, Extrusive volcanic rocks (traps exepted) - Cenozoic"
-3.3614,120.2549,0.8,"Continental crust, Extrusive volcanic rocks (traps exepted) - Cenozoic"
-0.468,121.7806,0.8,"Continental crust, Extrusive volcanic rocks (traps exepted) - Cenozoic"
-0.3676,121.9564,0.8,"Continental crust, Extrusive volcanic rocks (traps exepted) - Cenozoic"
-0.3467,122.0941,0.8,"Continental crust, Extrusive volcanic rocks (traps exepted) - Cenozoic"
-0.2414,122.1851,0.8,"Continental crust, Extrusive volcanic rocks (traps exepted) - Cenozoic"
-0.2436,122.2995,0.8,"Continental crust, Extrusive volcanic rocks (traps exepted) - Cenozoic"
-0.7387,113.8677,0.8,"Continental crust, Extrusive volcanic rocks (traps exepted) - Cenozoic"
-1.8846,120.2449,0.9,"Continental crust, Endogenous rocks (plutonic and/or metamorphic) - Cenozoic"
-14.9857,124.9051,0.5,"Continental crust, Sedimentary rocks or undifferentiated facies - Paleoproterozoic"
-3.4538,116.1886,0.4,Ophiolitic complex of Meso-Cenozoic age
-3.4058,115.1356,0.4,Ophiolitic complex of Meso-Cenozoic age
-2.84,121.6238,0.4,Ophiolitic complex of Meso-Cenozoic age
-5.4232,122.7178,0.4,Ophiolitic complex of Meso-Cenozoic age
-5.1657,121.9208,0.4,Ophiolitic complex of Meso-Cenozoic age
-18.9161,135.2252,0.4,"Continental or island shelf (depth lower than 200 m), except Antarctica"
-2.7124,115.5057,0.5,"Continental crust, Sedimentary rocks or undifferentiated facies - Mesozoic"
-10.4637,121.8088,0.4,"Continental or island shelf (depth lower than 200 m), except Antarctica"
-9.6716,119.9779,0.4,"Continental or island shelf (depth lower than 200 m), except Antarctica"
-9.4203,124.7135,0.4,"Continental or island shelf (depth lower than 200 m), except Antarctica"
-8.4979,120.1749,0.4,"Continental or island shelf (depth lower than 200 m), except Antarctica"
-7.3332,121.0776,0.4,"Continental or island shelf (depth lower than 200 m), except Antarctica"
-7.305,121.8186,0.4,"Continental or island shelf (depth lower than 200 m), except Antarctica"
-6.9514,120.6956,0.4,"Continental or island shelf (depth lower than 200 m), except Antarctica"
-6.1773,120.4751,0.4,"Continental or island shelf (depth lower than 200 m), except Antarctica"
-5.5908,123.8242,0.4,"Continental or island shelf (depth lower than 200 m), except Antarctica"
-1.8356,125.2258,0.4,"Continental or island shelf (depth lower than 200 m), except Antarctica"
-1.6504,123.3948,0.4,"Continental or island shelf (depth lower than 200 m), except Antarctica"
-0.3589,121.9896,0.4,"Continental or island shelf (depth lower than 200 m), except Antarctica"
-2.1719,121.5724,0.4,"Continental or island shelf (depth lower than 200 m), except Antarctica"
19.6434,103.5209,0.4,"Continental or island shelf (depth lower than 200 m), except Antarctica"
-7.2749,109.833,0.5,"Continental crust, Sedimentary rocks or undifferentiated facies - Cenozoic"
1.0729,114.289,0.5,"Continental crust, Sedimentary rocks or undifferentiated facies - Cenozoic"
-31.378,138.9787,0.5,"Continental crust, Sedimentary rocks or undifferentiated facies - Lower Paleozoic"
-35.844,137.2304,0.5,"Continental crust, Sedimentary rocks or undifferentiated facies - Lower Paleozoic"
-35.5716,138.3564,0.5,"Continental crust, Sedimentary rocks or undifferentiated facies - Lower Paleozoic"
-30.7272,139.0523,0.5,"Continental crust, Sedimentary rocks or undifferentiated facies - Lower Paleozoic"
-30.5335,136.3534,0.5,"Continental crust, Sedimentary rocks or undifferentiated facies - Lower Paleozoic"
-34.5123,137.3565,0.8,"Continental crust, Extrusive volcanic rocks (traps exepted) - Paleoproterozoic"
-34.4354,137.6774,0.8,"Continental crust, Extrusive volcanic rocks (traps exepted) - Paleoproterozoic"
-35.1595,136.4642,0.9,"Continental crust, Endogenous rocks (plutonic and/or metamorphic) - Paleoproterozoic"
-35.0111,136.1472,0.9,"Continental crust, Endogenous rocks (plutonic and/or metamorphic) - Paleoproterozoic"
-35.0859,137.1344,0.9,"Continental crust, Endogenous rocks (plutonic and/or metamorphic) - Paleoproterozoic"
-32.3953,140.8621,0.9,"Continental crust, Endogenous rocks (plutonic and/or metamorphic) - Paleoproterozoic"
-32.9971,136.1261,0.9,"Continental crust, Endogenous rocks (plutonic and/or metamorphic) - Paleoproterozoic"
-31.9608,123.2791,0.9,"Continental crust, Endogenous rocks (plutonic and/or metamorphic) - Paleoproterozoic"
-34.9197,137.6128,0.5,"Continental crust, Sedimentary rocks or undifferentiated facies - Mesozoic"
-33.7368,134.5085,0.5,"Continental crust, Sedimentary rocks or undifferentiated facies - Cenozoic"
-33.955,138.0769,0.5,"Continental crust, Sedimentary rocks or undifferentiated facies - Cenozoic"
-32.2808,133.5965,0.5,"Continental crust, Sedimentary rocks or undifferentiated facies - Cenozoic"
-32.1793,137.5419,0.5,"Continental crust, Sedimentary rocks or undifferentiated facies - Cenozoic"
-30.6935,137.9332,0.5,"Continental crust, Sedimentary rocks or undifferentiated facies - Cenozoic"
-32.2365,138.4236,0.5,"Continental crust, Sedimentary rocks or undifferentiated facies - Neoproterozoic"
-31.5926,133.6018,0.9,"Continental crust, Endogenous rocks (plutonic and/or metamorphic) - Neoproterozoic"
-31.0747,133.4767,0.9,"Continental crust, Endogenous rocks (plutonic and/or metamorphic) - Neoproterozoic"
-30.6197,132.8365,0.9,"Continental crust, Endogenous rocks (plutonic and/or metamorphic) - Neoproterozoic"
-31.6459,135.9517,0.4,Lake
-30.7327,139.8064,0.4,Lake
-31.005,137.7545,0.4,Lake
-31.8678,136.5459,0.5,"Continental crust, Sedimentary rocks or undifferentiated facies - Mesoproterozoic"
-32.9554,135.492,0.9,"Continental crust, Endogenous rocks (plutonic and/or metamorphic) - Mesoproterozoic"
-31.4958,134.8727,0.9,"Continental crust, Endogenous rocks (plutonic and/or metamorphic) - Mesoproterozoic"
-30.4576,124.791,0.9,"Continental crust, Endogenous rocks (plutonic and/or metamorphic) - Mesoproterozoic"
-30.3085,134.2835,0.9,"Continental crust, Endogenous rocks (plutonic and/or metamorphic) - Paleoproterozoic to Archean"
-18.9161,135.2252,0.4,"Continental or island shelf (depth lower than 200 m), except Antarctica"
-29.0587,135.7357,0.5,"Continental crust, Sedimentary rocks or undifferentiated facies - Mesozoic"
-27.726,140.5784,0.5,"Continental crust, Sedimentary rocks or undifferentiated facies - Cenozoic"
-26.4698,127.0531,0.5,"Continental crust, Sedimentary rocks or undifferentiated facies - Cenozoic"
-22.7983,139.1778,0.5,"Continental crust, Sedimentary rocks or undifferentiated facies - Lower Paleozoic"
-20.3756,125.9441,0.5,"Continental crust, Sedimentary rocks or undifferentiated facies - Upper Paleozoic"
-17.5133,133.8992,0.5,"Continental crust, Sedimentary rocks or undifferentiated facies - Mesozoic"
-27.8504,138.6936,0.5,"Continental crust, Sedimentary rocks or undifferentiated facies - Mesozoic"
-28.6082,130.3439,0.5,"Continental crust, Sedimentary rocks or undifferentiated facies - Lower Paleozoic"
-27.5791,129.5964,0.5,"Continental crust, Sedimentary rocks or undifferentiated facies - Lower Paleozoic"
-28.6911,131.9576,0.5,"Continental crust, Sedimentary rocks or undifferentiated facies - Lower Paleozoic"
-20.2813,127.0509,0.5,"Continental crust, Sedimentary rocks or undifferentiated facies - Mesozoic"
-18.7743,140.3019,0.5,"Continental crust, Sedimentary rocks or undifferentiated facies - Mesozoic"
-21.5653,135.2824,0.5,"Continental crust, Sedimentary rocks or undifferentiated facies - Lower Paleozoic"
-21.1856,138.222,0.5,"Continental crust, Sedimentary rocks or undifferentiated facies - Lower Paleozoic"
-22.2851,136.6957,0.5,"Continental crust, Sedimentary rocks or undifferentiated facies - Lower Paleozoic"
-27.9292,128.4287,0.5,"Continental crust, Sedimentary rocks or undifferentiated facies - Lower Paleozoic"
-24.2005,132.0537,0.5,"Continental crust, Sedimentary rocks or undifferentiated facies - Lower Paleozoic"
-20.3489,132.5915,0.5,"Continental crust, Sedimentary rocks or undifferentiated facies - Lower Paleozoic"
-20.1569,136.5062,0.5,"Continental crust, Sedimentary rocks or undifferentiated facies - Lower Paleozoic"
-19.9185,130.5731,0.5,"Continental crust, Sedimentary rocks or undifferentiated facies - Lower Paleozoic"
-19.2103,136.9289,0.5,"Continental crust, Sedimentary rocks or undifferentiated facies - Lower Paleozoic"
-19.3136,133.0626,0.5,"Continental crust, Sedimentary rocks or undifferentiated facies - Lower Paleozoic"
-19.5285,138.579,0.5,"Continental crust, Sedimentary rocks or undifferentiated facies - Lower Paleozoic"
-18.3494,136.7273,0.5,"Continental crust, Sedimentary rocks or undifferentiated facies - Lower Paleozoic"
-18.8838,131.4602,0.5,"Continental crust, Sedimentary rocks or undifferentiated facies - Lower Paleozoic"
-18.6017,135.5448,0.5,"Continental crust, Sedimentary rocks or undifferentiated facies - Lower Paleozoic"
-18.2846,132.6278,0.5,"Continental crust, Sedimentary rocks or undifferentiated facies - Lower Paleozoic"
-17.1026,136.638,0.5,"Continental crust, Sedimentary rocks or undifferentiated facies - Lower Paleozoic"
-26.428,124.6991,0.5,"Continental crust, Sedimentary rocks or undifferentiated facies - Upper Paleozoic"
-23.14,133.277,0.9,"Continental crust, Endogenous rocks (plutonic and/or metamorphic) - Paleoproterozoic"
-20.551,139.4731,0.9,"Continental crust, Endogenous rocks (plutonic and/or metamorphic) - Paleoproterozoic"
-16.9988,125.29,0.8,"Continental crust, Extrusive volcanic rocks (traps exepted) - Paleoproterozoic"
-15.1165,126.0417,0.8,"Continental crust, Extrusive volcanic rocks (traps exepted) - Paleoproterozoic"
-15.1073,126.9728,0.8,"Continental crust, Extrusive volcanic rocks (traps exepted) - Paleoproterozoic"
-31.9608,123.2791,0.9,"Continental crust, Endogenous rocks (plutonic and/or metamorphic) - Paleoproterozoic"
-18.8052,130.2536,0.9,"Continental crust, Endogenous rocks (plutonic and/or metamorphic) - Paleoproterozoic"
-18.6928,126.4272,0.9,"Continental crust, Endogenous rocks (plutonic and/or metamorphic) - Paleoproterozoic"
-18.0624,127.7839,0.9,"Continental crust, Endogenous rocks (plutonic and/or metamorphic) - Paleoproterozoic"
-17.4419,125.0581,0.9,"Continental crust, Endogenous rocks (plutonic and/or metamorphic) - Paleoproterozoic"
-28.4787,125.2226,0.5,"Continental crust, Sedimentary rocks or undifferentiated facies - Upper Paleozoic"
-28.415,131.3526,0.5,"Continental crust, Sedimentary rocks or undifferentiated facies - Upper Paleozoic"
-27.8424,131.8557,0.5,"Continental crust, Sedimentary rocks or undifferentiated facies - Upper Paleozoic"
-24.9498,134.4851,0.5,"Continental crust, Sedimentary rocks or undifferentiated facies - Upper Paleozoic"
-24.5882,126.2529,0.5,"Continental crust, Sedimentary rocks or undifferentiated facies - Upper Paleozoic"
-22.6209,131.5287,0.5,"Continental crust, Sedimentary rocks or undifferentiated facies - Upper Paleozoic"
-21.6345,125.4121,0.5,"Continental crust, Sedimentary rocks or undifferentiated facies - Upper Paleozoic"
-20.9601,126.7307,0.5,"Continental crust, Sedimentary rocks or undifferentiated facies - Upper Paleozoic"
-20.305,125.409,0.5,"Continental crust, Sedimentary rocks or undifferentiated facies - Upper Paleozoic"
-18.9935,125.8489,0.5,"Continental crust, Sedimentary rocks or undifferentiated facies - Upper Paleozoic"
-15.1176,128.1527,0.5,"Continental crust, Sedimentary rocks or undifferentiated facies - Upper Paleozoic"
-14.9545,128.3913,0.5,"Continental crust, Sedimentary rocks or undifferentiated facies - Upper Paleozoic"
-14.9725,129.7661,0.5,"Continental crust, Sedimentary rocks or undifferentiated facies - Upper Paleozoic"
-15.3118,128.9213,0.5,"Continental crust, Sedimentary rocks or undifferentiated facies - Upper Paleozoic"
-28.7989,133.363,0.5,"Continental crust, Sedimentary rocks or undifferentiated facies - Mesozoic"
-28.2883,132.9737,0.5,"Continental crust, Sedimentary rocks or undifferentiated facies - Mesozoic"
-17.0693,139.4925,0.5,"Continental crust, Sedimentary rocks or undifferentiated facies - Mesozoic"
-27.1873,126.6231,0.5,"Continental crust, Sedimentary rocks or undifferentiated facies - Mesozoic"
-26.9199,125.5322,0.5,"Continental crust, Sedimentary rocks or undifferentiated facies - Mesozoic"
-26.5821,135.2629,0.5,"Continental crust, Sedimentary rocks or undifferentiated facies - Mesozoic"
-26.194,125.7624,0.5,"Continental crust, Sedimentary rocks or undifferentiated facies - Mesozoic"
-25.9884,134.1002,0.5,"Continental crust, Sedimentary rocks or undifferentiated facies - Mesozoic"
-25.8056,139.8415,0.5,"Continental crust, Sedimentary rocks or undifferentiated facies - Mesozoic"
-25.3089,132.9189,0.5,"Continental crust, Sedimentary rocks or undifferentiated facies - Mesozoic"
-25.1028,126.5612,0.5,"Continental crust, Sedimentary rocks or undifferentiated facies - Mesozoic"
-25.2817,125.3685,0.5,"Continental crust, Sedimentary rocks or undifferentiated facies - Mesozoic"
-23.9841,126.8399,0.5,"Continental crust, Sedimentary rocks or undifferentiated facies - Mesozoic"
-23.7883,139.0863,0.5,"Continental crust, Sedimentary rocks or undifferentiated facies - Mesozoic"
-22.5526,139.4712,0.5,"Continental crust, Sedimentary rocks or undifferentiated facies - Mesozoic"
-22.1366,125.0249,0.5,"Continental crust, Sedimentary rocks or undifferentiated facies - Mesozoic"
-22.2092,126.5582,0.5,"Continental crust, Sedimentary rocks or undifferentiated facies - Mesozoic"
-16.7409,132.1525,0.5,"Continental crust, Sedimentary rocks or undifferentiated facies - Mesozoic"
-16.5681,139.3895,0.5,"Continental crust, Sedimentary rocks or undifferentiated facies - Mesozoic"
-17.1355,135.3085,0.5,"Continental crust, Sedimentary rocks or undifferentiated facies - Mesozoic"
-16.2453,133.6124,0.5,"Continental crust, Sedimentary rocks or undifferentiated facies - Mesozoic"
-15.1257,132.937,0.5,"Continental crust, Sedimentary rocks or undifferentiated facies - Mesozoic"
-15.6021,130.4146,0.5,"Continental crust, Sedimentary rocks or undifferentiated facies - Cenozoic"
-16.8884,138.0198,0.5,"Continental crust, Sedimentary rocks or undifferentiated facies - Cenozoic"
-28.3806,134.9692,0.5,"Continental crust, Sedimentary rocks or undifferentiated facies - Cenozoic"
-25.394,131.687,0.5,"Continental crust, Sedimentary rocks or undifferentiated facies - Cenozoic"
-24.5196,129.1703,0.5,"Continental crust, Sedimentary rocks or undifferentiated facies - Cenozoic"
-21.6434,131.1766,0.5,"Continental crust, Sedimentary rocks or undifferentiated facies - Cenozoic"
-16.8348,139.1191,0.5,"Continental crust, Sedimentary rocks or undifferentiated facies - Cenozoic"
-15.7221,136.66,0.5,"Continental crust, Sedimentary rocks or undifferentiated facies - Cenozoic"
-15.6921,136.7716,0.5,"Continental crust, Sedimentary rocks or undifferentiated facies - Cenozoic"
-15.714,137.0176,0.5,"Continental crust, Sedimentary rocks or undifferentiated facies - Cenozoic"
-15.5832,136.558,0.5,"Continental crust, Sedimentary rocks or undifferentiated facies - Cenozoic"
-15.5731,136.8603,0.5,"Continental crust, Sedimentary rocks or undifferentiated facies - Cenozoic"
-25.6868,130.3238,0.9,"Continental crust, Endogenous rocks (plutonic and/or metamorphic) - Neoproterozoic"
-26.1662,127.6917,0.8,"Continental crust, Extrusive volcanic rocks (traps exepted) - Mesoproterozoic"
-25.0113,128.6676,0.8,"Continental crust, Extrusive volcanic rocks (traps exepted) - Mesoproterozoic"
-32.2365,138.4236,0.5,"Continental crust, Sedimentary rocks or undifferentiated facies - Neoproterozoic"
-29.3479,127.8318,0.5,"Continental crust, Sedimentary rocks or undifferentiated facies - Neoproterozoic"
-28.6654,135.9472,0.5,"Continental crust, Sedimentary rocks or undifferentiated facies - Mesoproterozoic"
-16.2189,126.6283,0.5,"Continental crust, Sedimentary rocks or undifferentiated facies - Paleoproterozoic"
-24.8344,131.9715,0.5,"Continental crust, Sedimentary rocks or undifferentiated facies - Neoproterozoic"
-24.2288,132.2791,0.5,"Continental crust, Sedimentary rocks or undifferentiated facies - Neoproterozoic"
-24.1431,130.8558,0.5,"Continental crust, Sedimentary rocks or undifferentiated facies - Neoproterozoic"
-23.6775,127.3979,0.5,"Continental crust, Sedimentary rocks or undifferentiated facies - Neoproterozoic"
-23.6954,131.1253,0.5,"Continental crust, Sedimentary rocks or undifferentiated facies - Neoproterozoic"
-21.0103,128.6003,0.5,"Continental crust, Sedimentary rocks or undifferentiated facies - Neoproterozoic"
-18.7787,128.0221,0.5,"Continental crust, Sedimentary rocks or undifferentiated facies - Neoproterozoic"
-18.8186,127.1044,0.5,"Continental crust, Sedimentary rocks or undifferentiated facies - Neoproterozoic"
-17.254,126.0078,0.5,"Continental crust, Sedimentary rocks or undifferentiated facies - Neoproterozoic"
-16.0601,135.9693,0.5,"Continental crust, Sedimentary rocks or undifferentiated facies - Mesoproterozoic"
-28.4924,137.2909,0.4,Lake
-25.0774,139.9273,0.4,Lake
-19.2165,128.9741,0.5,"Continental crust, Sedimentary rocks or undifferentiated facies - Mesoproterozoic"
-18.0411,129.1069,0.5,"Continental crust, Sedimentary rocks or undifferentiated facies - Mesoproterozoic"
-15.1289,130.1105,0.5,"Continental crust, Sedimentary rocks or undifferentiated facies - Mesoproterozoic"
-30.4576,124.791,0.9,"Continental crust, Endogenous rocks (plutonic and/or metamorphic) - Mesoproterozoic"
-29.3893,124.924,0.9,"Continental crust, Endogenous rocks (plutonic and/or metamorphic) - Mesoproterozoic"
-26.4763,130.8177,0.9,"Continental crust, Endogenous rocks (plutonic and/or metamorphic) - Mesoproterozoic"
-24.9716,129.9222,0.9,"Continental crust, Endogenous rocks (plutonic and/or metamorphic) - Mesoproterozoic"
-21.0183,140.353,0.9,"Continental crust, Endogenous rocks (plutonic and/or metamorphic) - Mesoproterozoic"
-21.4023,133.3822,0.5,"Continental crust, Sedimentary rocks or undifferentiated facies - Paleoproterozoic"
-17.9853,128.1603,0.5,"Continental crust, Sedimentary rocks or undifferentiated facies - Paleoproterozoic"
-19.8705,134.4436,0.5,"Continental crust, Sedimentary rocks or undifferentiated facies - Paleoproterozoic"
-15.594,124.7046,0.8,"Continental crust, Extrusive volcanic rocks (traps exepted) - Paleoproterozoic"
-30.3085,134.2835,0.9,"Continental crust, Endogenous rocks (plutonic and/or metamorphic) - Paleoproterozoic to Archean"
-20.7794,129.2964,0.5,"Continental crust, Sedimentary rocks or undifferentiated facies - Paleozoic"
-15.8904,130.8587,0.5,"Continental crust, Sedimentary rocks or undifferentiated facies - Cenozoic"
-18.9161,135.2252,0.4,"Continental or island shelf (depth lower than 200 m), except Antarctica"
-29.0587,135.7357,0.5,"Continental crust, Sedimentary rocks or undifferentiated facies - Mesozoic"
-17.147,130.0951,0.8,"Continental crust, Extrusive volcanic rocks (traps exepted) - Lower Paleozoic"
-24.1598,131.5547,0.5,"Continental crust, Sedimentary rocks or undifferentiated facies - Upper Paleozoic"
-24.5274,145.1282,0.5,"Continental crust, Sedimentary rocks or undifferentiated facies - Mesozoic"
-27.726,140.5784,0.5,"Continental crust, Sedimentary rocks or undifferentiated facies - Cenozoic"
-26.4698,127.0531,0.5,"Continental crust, Sedimentary rocks or undifferentiated facies - Cenozoic"
-16.5995,130.5418,0.5,"Continental crust, Sedimentary rocks or undifferentiated facies - Mesoproterozoic"
-21.5011,130.4397,0.5,"Continental crust, Sedimentary rocks or undifferentiated facies - Paleoproterozoic"
-0.8636,129.6905,0.4,"Continental or island shelf (depth lower than 200 m), except Antarctica"
-12.7298,132.5454,0.4,"Continental crust, Undifferentiated facies - Archean"
-14.66,132.5514,0.5,"Continental crust, Sedimentary rocks or undifferentiated facies - Lower Paleozoic"
-12.4358,135.0733,0.5,"Continental crust, Sedimentary rocks or undifferentiated facies - Lower Paleozoic"
-11.6871,136.0036,0.5,"Continental crust, Sedimentary rocks or undifferentiated facies - Lower Paleozoic"
-11.5934,136.3157,0.5,"Continental crust, Sedimentary rocks or undifferentiated facies - Lower Paleozoic"
-11.249,136.6478,0.5,"Continental crust, Sedimentary rocks or undifferentiated facies - Lower Paleozoic"
-0.1893,131.0208,0.4,Ophiolitic complex of Meso-Cenozoic age
-0.0961,129.4491,0.4,Ophiolitic complex of Meso-Cenozoic age
-13.787,130.1448,0.5,"Continental crust, Sedimentary rocks or undifferentiated facies - Upper Paleozoic"
-0.2454,130.6031,0.5,"Continental crust, Sedimentary rocks or undifferentiated facies - Cenozoic"
0.5775,128.083,0.5,"Continental crust, Sedimentary rocks or undifferentiated facies - Cenozoic"
-2.0653,134.8377,0.4,"Continental or island shelf (depth lower than 200 m), except Antarctica"
-12.0295,136.2376,0.9,"Continental crust, Endogenous rocks (plutonic and/or metamorphic) - Paleoproterozoic"
-12.5746,136.489,0.9,"Continental crust, Endogenous rocks (plutonic and/or metamorphic) - Paleoproterozoic"
-3.3437,126.8277,0.5,"Continental crust, Sedimentary rocks or undifferentiated facies - Upper Paleozoic"
-3.2123,128.8377,0.5,"Continental crust, Sedimentary rocks or undifferentiated facies - Upper Paleozoic"
-1.106,130.8866,0.5,"Continental crust, Sedimentary rocks or undifferentiated facies - Cenozoic"
-1.9333,130.0456,0.5,"Continental crust, Sedimentary rocks or undifferentiated facies - Mesozoic"
-1.8582,125.788,0.5,"Continental crust, Sedimentary rocks or undifferentiated facies - Mesozoic"
-5.601,133.032,0.5,"Continental crust, Sedimentary rocks or undifferentiated facies - Cenozoic"
-4.2017,133.4437,0.5,"Continental crust, Sedimentary rocks or undifferentiated facies - Cenozoic"
-3.9524,134.1339,0.5,"Continental crust, Sedimentary rocks or undifferentiated facies - Cenozoic"
-8.8407,125.526,0.5,"Continental crust, Sedimentary rocks or undifferentiated facies - Mesozoic"
-8.4999,126.8825,0.5,"Continental crust, Sedimentary rocks or undifferentiated facies - Mesozoic"
-8.249,128.1616,0.5,"Continental crust, Sedimentary rocks or undifferentiated facies - Mesozoic"
-4.5083,140.8199,0.9,"Continental crust, Endogenous rocks (plutonic and/or metamorphic) - Mesozoic"
-3.439,137.1696,0.9,"Continental crust, Endogenous rocks (plutonic and/or metamorphic) - Mesozoic"
-3.46,132.6714,0.5,"Continental crust, Sedimentary rocks or undifferentiated facies - Cenozoic"
-3.1367,129.6962,0.5,"Continental crust, Sedimentary rocks or undifferentiated facies - Cenozoic"
-2.6389,131.6099,0.5,"Continental crust, Sedimentary rocks or undifferentiated facies - Cenozoic"
-2.4754,133.5603,0.5,"Continental crust, Sedimentary rocks or undifferentiated facies - Cenozoic"
-1.8182,130.2608,0.5,"Continental crust, Sedimentary rocks or undifferentiated facies - Cenozoic"
-1.0412,134.8968,0.5,"Continental crust, Sedimentary rocks or undifferentiated facies - Cenozoic"
-1.6085,132.4875,0.5,"Continental crust, Sedimentary rocks or undifferentiated facies - Cenozoic"
-15.1165,126.0417,0.8,"Continental crust, Extrusive volcanic rocks (traps exepted) - Paleoproterozoic"
-15.1073,126.9728,0.8,"Continental crust, Extrusive volcanic rocks (traps exepted) - Paleoproterozoic"
-14.9545,128.3913,0.5,"Continental crust, Sedimentary rocks or undifferentiated facies - Upper Paleozoic"
-14.8431,129.6074,0.5,"Continental crust, Sedimentary rocks or undifferentiated facies - Upper Paleozoic"
-14.8679,129.5515,0.5,"Continental crust, Sedimentary rocks or undifferentiated facies - Upper Paleozoic"
-14.9725,129.7661,0.5,"Continental crust, Sedimentary rocks or undifferentiated facies - Upper Paleozoic"
-15.3118,128.9213,0.5,"Continental crust, Sedimentary rocks or undifferentiated facies - Upper Paleozoic"
-4.7282,131.7374,0.5,"Continental crust, Sedimentary rocks or undifferentiated facies - Upper Paleozoic"
-4.4821,131.6471,0.5,"Continental crust, Sedimentary rocks or undifferentiated facies - Upper Paleozoic"
-4.1063,131.3107,0.5,"Continental crust, Sedimentary rocks or undifferentiated facies - Upper Paleozoic"
-4.0133,131.2293,0.5,"Continental crust, Sedimentary rocks or undifferentiated facies - Upper Paleozoic"
-4.0111,131.4097,0.5,"Continental crust, Sedimentary rocks or undifferentiated facies - Upper Paleozoic"
-1.4002,127.3243,0.5,"Continental crust, Sedimentary rocks or undifferentiated facies - Upper Paleozoic"
-1.4799,127.6205,0.5,"Continental crust, Sedimentary rocks or undifferentiated facies - Upper Paleozoic"
-1.2249,127.5476,0.5,"Continental crust, Sedimentary rocks or undifferentiated facies - Upper Paleozoic"
-2.0781,134.3737,0.5,"Continental crust, Sedimentary rocks or undifferentiated facies - Mesozoic"
-2.2259,125.968,0.5,"Continental crust, Sedimentary rocks or undifferentiated facies - Mesozoic"
-14.6194,130.6141,0.5,"Continental crust, Sedimentary rocks or undifferentiated facies - Mesozoic"
-15.1257,132.937,0.5,"Continental crust, Sedimentary rocks or undifferentiated facies - Mesozoic"
-13.9867,132.4592,0.5,"Continental crust, Sedimentary rocks or undifferentiated facies - Mesozoic"
-14.0827,133.6519,0.5,"Continental crust, Sedimentary rocks or undifferentiated facies - Mesozoic"
-11.3246,132.2165,0.5,"Continental crust, Sedimentary rocks or undifferentiated facies - Mesozoic"
-11.1675,132.5703,0.5,"Continental crust, Sedimentary rocks or undifferentiated facies - Mesozoic"
-8.2224,128.9396,0.5,"Continental crust, Sedimentary rocks or undifferentiated facies - Mesozoic"
-8.1997,127.6929,0.5,"Continental crust, Sedimentary rocks or undifferentiated facies - Mesozoic"
-8.1786,127.9461,0.5,"Continental crust, Sedimentary rocks or undifferentiated facies - Mesozoic"
-7.9119,129.7217,0.5,"Continental crust, Sedimentary rocks or undifferentiated facies - Mesozoic"
-7.6782,131.0467,0.5,"Continental crust, Sedimentary rocks or undifferentiated facies - Mesozoic"
-7.5285,130.9073,0.5,"Continental crust, Sedimentary rocks or undifferentiated facies - Mesozoic"
-7.4495,131.0724,0.5,"Continental crust, Sedimentary rocks or undifferentiated facies - Mesozoic"
-7.3403,131.2609,0.5,"Continental crust, Sedimentary rocks or undifferentiated facies - Mesozoic"
-7.4846,131.427,0.5,"Continental crust, Sedimentary rocks or undifferentiated facies - Mesozoic"
-7.1603,131.8758,0.5,"Continental crust, Sedimentary rocks or undifferentiated facies - Mesozoic"
-6.7383,131.5748,0.5,"Continental crust, Sedimentary rocks or undifferentiated facies - Mesozoic"
-3.4934,126.4373,0.5,"Continental crust, Sedimentary rocks or undifferentiated facies - Mesozoic"
-3.3052,130.0439,0.5,"Continental crust, Sedimentary rocks or undifferentiated facies - Mesozoic"
-2.3872,134.5556,0.5,"Continental crust, Sedimentary rocks or undifferentiated facies - Mesozoic"
-1.8382,134.2017,0.5,"Continental crust, Sedimentary rocks or undifferentiated facies - Mesozoic"
-1.7887,125.0123,0.5,"Continental crust, Sedimentary rocks or undifferentiated facies - Mesozoic"
-3.6743,136.6748,0.5,"Continental crust, Sedimentary rocks or undifferentiated facies - Mesozoic"
-1.6217,127.8192,0.5,"Continental crust, Sedimentary rocks or undifferentiated facies - Mesozoic"
-1.7567,136.2105,0.9,"Continental crust, Endogenous rocks (plutonic and/or metamorphic) - Mesozoic"
-1.5059,135.2032,0.9,"Continental crust, Endogenous rocks (plutonic and/or metamorphic) - Mesozoic"
-15.6021,130.4146,0.5,"Continental crust, Sedimentary rocks or undifferentiated facies - Cenozoic"
-16.8884,138.0198,0.5,"Continental crust, Sedimentary rocks or undifferentiated facies - Cenozoic"
-5.5465,132.3373,0.5,"Continental crust, Sedimentary rocks or undifferentiated facies - Cenozoic"
-12.6809,132.1814,0.5,"Continental crust, Sedimentary rocks or undifferentiated facies - Cenozoic"
-12.4813,131.3257,0.5,"Continental crust, Sedimentary rocks or undifferentiated facies - Cenozoic"
-12.1037,132.3842,0.5,"Continental crust, Sedimentary rocks or undifferentiated facies - Cenozoic"
-12.0897,134.8988,0.5,"Continental crust, Sedimentary rocks or undifferentiated facies - Cenozoic"
-12.0318,134.9499,0.5,"Continental crust, Sedimentary rocks or undifferentiated facies - Cenozoic"
-11.9279,135.086,0.5,"Continental crust, Sedimentary rocks or undifferentiated facies - Cenozoic"
-5.9238,134.533,0.5,"Continental crust, Sedimentary rocks or undifferentiated facies - Cenozoic"
-14.8753,135.74,0.5,"Continental crust, Sedimentary rocks or undifferentiated facies - Cenozoic"
-12.866,135.9967,0.5,"Continental crust, Sedimentary rocks or undifferentiated facies - Cenozoic"
-12.5156,134.2854,0.5,"Continental crust, Sedimentary rocks or undifferentiated facies - Cenozoic"
-11.6771,132.5765,0.5,"Continental crust, Sedimentary rocks or undifferentiated facies - Cenozoic"
-11.8714,132.78,0.5,"Continental crust, Sedimentary rocks or undifferentiated facies - Cenozoic"
-11.6405,130.3185,0.5,"Continental crust, Sedimentary rocks or undifferentiated facies - Cenozoic"
-11.5306,130.9581,0.5,"Continental crust, Sedimentary rocks or undifferentiated facies - Cenozoic"
-5.7844,132.7188,0.5,"Continental crust, Sedimentary rocks or undifferentiated facies - Cenozoic"
-5.6145,132.7744,0.5,"Continental crust, Sedimentary rocks or undifferentiated facies - Cenozoic"
-9.3631,125.0102,0.5,"Continental crust, Sedimentary rocks or undifferentiated facies - Cenozoic"
-8.3048,138.7414,0.5,"Continental crust, Sedimentary rocks or undifferentiated facies - Cenozoic"
-8.1994,130.9772,0.5,"Continental crust, Sedimentary rocks or undifferentiated facies - Cenozoic"
-7.7873,131.3738,0.5,"Continental crust, Sedimentary rocks or undifferentiated facies - Cenozoic"
-7.9092,138.3601,0.5,"Continental crust, Sedimentary rocks or undifferentiated facies - Cenozoic"
-6.8051,138.7002,0.5,"Continental crust, Sedimentary rocks or undifferentiated facies - Cenozoic"
-6.6811,134.682,0.5,"Continental crust, Sedimentary rocks or undifferentiated facies - Cenozoic"
-6.5066,134.6889,0.5,"Continental crust, Sedimentary rocks or undifferentiated facies - Cenozoic"
-6.3785,134.8368,0.5,"Continental crust, Sedimentary rocks or undifferentiated facies - Cenozoic"
-6.3998,134.4836,0.5,"Continental crust, Sedimentary rocks or undifferentiated facies - Cenozoic"
-6.5827,134.2503,0.5,"Continental crust, Sedimentary rocks or undifferentiated facies - Cenozoic"
-6.1708,134.2311,0.5,"Continental crust, Sedimentary rocks or undifferentiated facies - Cenozoic"
-0.9455,135.9039,0.5,"Continental crust, Sedimentary rocks or undifferentiated facies - Cenozoic"
-0.7219,127.2335,0.5,"Continental crust, Sedimentary rocks or undifferentiated facies - Cenozoic"
-0.4807,130.576,0.5,"Continental crust, Sedimentary rocks or undifferentiated facies - Cenozoic"
-0.3928,127.1867,0.5,"Continental crust, Sedimentary rocks or undifferentiated facies - Cenozoic"
-4.5442,129.9132,0.8,"Continental crust, Extrusive volcanic rocks (traps exepted) - Cenozoic"
-4.5192,129.8733,0.8,"Continental crust, Extrusive volcanic rocks (traps exepted) - Cenozoic"
-9.1273,125.5456,0.8,"Continental crust, Extrusive volcanic rocks (traps exepted) - Cenozoic"
-3.6723,128.7734,0.8,"Continental crust, Extrusive volcanic rocks (traps exepted) - Cenozoic"
-3.5791,128.4689,0.8,"Continental crust, Extrusive volcanic rocks (traps exepted) - Cenozoic"
-3.6488,128.1406,0.8,"Continental crust, Extrusive volcanic rocks (traps exepted) - Cenozoic"
-3.563,128.6505,0.8,"Continental crust, Extrusive volcanic rocks (traps exepted) - Cenozoic"
-8.236,125.5758,0.8,"Continental crust, Extrusive volcanic rocks (traps exepted) - Cenozoic"
-8.2927,124.7176,0.8,"Continental crust, Extrusive volcanic rocks (traps exepted) - Cenozoic"
-7.7813,126.2771,0.8,"Continental crust, Extrusive volcanic rocks (traps exepted) - Cenozoic"
-7.5769,127.4105,0.8,"Continental crust, Extrusive volcanic rocks (traps exepted) - Cenozoic"
-7.1397,128.6178,0.8,"Continental crust, Extrusive volcanic rocks (traps exepted) - Cenozoic"
-3.081,137.0932,0.8,"Continental crust, Extrusive volcanic rocks (traps exepted) - Cenozoic"
-3.0258,140.0072,0.8,"Continental crust, Extrusive volcanic rocks (traps exepted) - Cenozoic"
-1.1918,129.8492,0.8,"Continental crust, Extrusive volcanic rocks (traps exepted) - Cenozoic"
-0.8544,130.6795,0.8,"Continental crust, Extrusive volcanic rocks (traps exepted) - Cenozoic"
-0.599,132.613,0.8,"Continental crust, Extrusive volcanic rocks (traps exepted) - Cenozoic"
-0.5979,127.5551,0.8,"Continental crust, Extrusive volcanic rocks (traps exepted) - Cenozoic"
0.0534,127.426,0.8,"Continental crust, Extrusive volcanic rocks (traps exepted) - Cenozoic"
-3.7626,135.7052,0.9,"Continental crust, Endogenous rocks (plutonic and/or metamorphic) - Cenozoic"
-3.7655,139.9027,0.9,"Continental crust, Endogenous rocks (plutonic and/or metamorphic) - Cenozoic"
-3.4539,138.8018,0.9,"Continental crust, Endogenous rocks (plutonic and/or metamorphic) - Cenozoic"
-1.0255,133.7116,0.9,"Continental crust, Endogenous rocks (plutonic and/or metamorphic) - Cenozoic"
-14.5434,125.1454,0.5,"Continental crust, Sedimentary rocks or undifferentiated facies - Paleoproterozoic"
-13.8915,126.5457,0.5,"Continental crust, Sedimentary rocks or undifferentiated facies - Paleoproterozoic"
-16.2189,126.6283,0.5,"Continental crust, Sedimentary rocks or undifferentiated facies - Paleoproterozoic"
-12.8326,130.7543,0.5,"Continental crust, Sedimentary rocks or undifferentiated facies - Mesoproterozoic"
-16.0601,135.9693,0.5,"Continental crust, Sedimentary rocks or undifferentiated facies - Mesoproterozoic"
-15.1289,130.1105,0.5,"Continental crust, Sedimentary rocks or undifferentiated facies - Mesoproterozoic"
-13.756,136.201,0.5,"Continental crust, Sedimentary rocks or undifferentiated facies - Paleoproterozoic"
-14.0268,136.629,0.5,"Continental crust, Sedimentary rocks or undifferentiated facies - Paleoproterozoic"
-13.4305,136.1375,0.5,"Continental crust, Sedimentary rocks or undifferentiated facies - Paleoproterozoic"
-11.6212,133.4141,0.5,"Continental crust, Sedimentary rocks or undifferentiated facies - Paleoproterozoic"
-11.4969,133.4559,0.5,"Continental crust, Sedimentary rocks or undifferentiated facies - Paleoproterozoic"
-11.8537,136.48,0.9,"Continental crust, Endogenous rocks (plutonic and/or metamorphic) - Paleoproterozoic"
-11.774,136.5702,0.9,"Continental crust, Endogenous rocks (plutonic and/or metamorphic) - Paleoproterozoic"
-3.4986,135.6872,0.4,Ophiolitic complex of Meso-Cenozoic age
-3.3119,127.5645,0.4,Ophiolitic complex of Meso-Cenozoic age
-3.2099,127.7252,0.4,Ophiolitic complex of Meso-Cenozoic age
-3.2298,127.985,0.4,Ophiolitic complex of Meso-Cenozoic age
-3.2429,137.0375,0.4,Ophiolitic complex of Meso-Cenozoic age
-2.9899,127.9142,0.4,Ophiolitic complex of Meso-Cenozoic age
-2.5346,138.7096,0.4,Ophiolitic complex of Meso-Cenozoic age
-4.7168,139.8087,0.5,"Continental crust, Sedimentary rocks or undifferentiated facies - Paleozoic"
-4.2188,137.6025,0.5,"Continental crust, Sedimentary rocks or undifferentiated facies - Paleozoic"
-1.1776,132.9704,0.5,"Continental crust, Sedimentary rocks or undifferentiated facies - Paleozoic"
-12.1091,136.8171,0.9,"Continental crust, Endogenous rocks (plutonic and/or metamorphic) - Paleoproterozoic"
-1.0392,134.9192,0.4,"Continental or island shelf (depth lower than 200 m), except Antarctica"
-0.9138,135.9175,0.4,"Continental or island shelf (depth lower than 200 m), except Antarctica"
-18.9161,135.2252,0.4,"Continental or island shelf (depth lower than 200 m), except Antarctica"
-7.4737,131.3082,0.4,"Continental or island shelf (depth lower than 200 m), except Antarctica"
-5.6546,132.8363,0.4,"Continental or island shelf (depth lower than 200 m), except Antarctica"
-9.4203,124.7135,0.4,"Continental or island shelf (depth lower than 200 m), except Antarctica"
-8.4979,120.1749,0.4,"Continental or island shelf (depth lower than 200 m), except Antarctica"
-8.1682,128.2495,0.4,"Continental or island shelf (depth lower than 200 m), except Antarctica"
-7.8846,129.7524,0.4,"Continental or island shelf (depth lower than 200 m), except Antarctica"
-7.885,126.0032,0.4,"Continental or island shelf (depth lower than 200 m), except Antarctica"
-7.5791,127.4534,0.4,"Continental or island shelf (depth lower than 200 m), except Antarctica"
-7.0848,128.597,0.4,"Continental or island shelf (depth lower than 200 m), except Antarctica"
-5.5487,132.3163,0.4,"Continental or island shelf (depth lower than 200 m), except Antarctica"
-4.5057,129.8847,0.4,"Continental or island shelf (depth lower than 200 m), except Antarctica"
-3.377,126.617,0.4,"Continental or island shelf (depth lower than 200 m), except Antarctica"
-3.4257,129.5679,0.4,"Continental or island shelf (depth lower than 200 m), except Antarctica"
-1.8356,125.2258,0.4,"Continental or island shelf (depth lower than 200 m), except Antarctica"
-1.5221,127.6666,0.4,"Continental or island shelf (depth lower than 200 m), except Antarctica"
-0.6149,127.4785,0.4,"Continental or island shelf (depth lower than 200 m), except Antarctica"
0.9393,128.0537,0.4,"Continental or island shelf (depth lower than 200 m), except Antarctica"
-17.147,130.0951,0.8,"Continental crust, Extrusive volcanic rocks (traps exepted) - Lower Paleozoic"
-6.4076,140.4298,0.5,"Continental crust, Sedimentary rocks or undifferentiated facies - Cenozoic"
-3.623,141.2596,0.5,"Continental crust, Sedimentary rocks or undifferentiated facies - Cenozoic"
-27.726,140.5784,0.5,"Continental crust, Sedimentary rocks or undifferentiated facies - Cenozoic"
-16.5995,130.5418,0.5,"Continental crust, Sedimentary rocks or undifferentiated facies - Mesoproterozoic"
-13.2346,132.6426,0.5,"Continental crust, Sedimentary rocks or undifferentiated facies - Paleoproterozoic"
-35.5505,147.4118,0.5,"Continental crust, Sedimentary rocks or undifferentiated facies - Lower Paleozoic"
-32.6504,148.8971,0.5,"Continental crust, Sedimentary rocks or undifferentiated facies - Lower Paleozoic"
-34.8992,148.2081,0.9,"Continental crust, Endogenous rocks (plutonic and/or metamorphic) - Lower Paleozoic"
-36.1696,148.6277,0.9,"Continental crust, Endogenous rocks (plutonic and/or metamorphic) - Lower Paleozoic"
-33.4675,146.7766,0.9,"Continental crust, Endogenous rocks (plutonic and/or metamorphic) - Lower Paleozoic"
-40.0136,148.0744,0.9,"Continental crust, Endogenous rocks (plutonic and/or metamorphic) - Upper Paleozoic"
-29.6002,147.369,0.5,"Continental crust, Sedimentary rocks or undifferentiated facies - Mesozoic"
-38.5661,143.7291,0.5,"Continental crust, Sedimentary rocks or undifferentiated facies - Mesozoic"
-38.3591,145.3636,0.5,"Continental crust, Sedimentary rocks or undifferentiated facies - Mesozoic"
-37.3068,142.018,0.5,"Continental crust, Sedimentary rocks or undifferentiated facies - Lower Paleozoic"
-37.0743,143.8173,0.5,"Continental crust, Sedimentary rocks or undifferentiated facies - Lower Paleozoic"
-35.1253,149.5383,0.5,"Continental crust, Sedimentary rocks or undifferentiated facies - Lower Paleozoic"
-31.374,142.1825,0.5,"Continental crust, Sedimentary rocks or undifferentiated facies - Lower Paleozoic"
-31.7614,146.5134,0.5,"Continental crust, Sedimentary rocks or undifferentiated facies - Lower Paleozoic"
-36.1917,147.1624,0.9,"Continental crust, Endogenous rocks (plutonic and/or metamorphic) - Upper Paleozoic"
-38.5007,145.2441,0.5,"Continental crust, Sedimentary rocks or undifferentiated facies - Mesozoic"
-37.3087,142.4654,0.8,"Continental crust, Extrusive volcanic rocks (traps exepted) - Lower Paleozoic"
-37.2365,148.0522,0.8,"Continental crust, Extrusive volcanic rocks (traps exepted) - Lower Paleozoic"
-34.9304,148.6513,0.8,"Continental crust, Extrusive volcanic rocks (traps exepted) - Lower Paleozoic"
-37.7866,140.8272,0.8,"Continental crust, Extrusive volcanic rocks (traps exepted) - Cenozoic"
-37.9478,143.204,0.8,"Continental crust, Extrusive volcanic rocks (traps exepted) - Cenozoic"
-41.2309,147.7851,0.9,"Continental crust, Endogenous rocks (plutonic and/or metamorphic) - Upper Paleozoic"
-40.5429,148.1706,0.9,"Continental crust, Endogenous rocks (plutonic and/or metamorphic) - Upper Paleozoic"
-39.475,147.3444,0.9,"Continental crust, Endogenous rocks (plutonic and/or metamorphic) - Upper Paleozoic"
-39.4581,147.3031,0.9,"Continental crust, Endogenous rocks (plutonic and/or metamorphic) - Upper Paleozoic"
-38.968,146.3642,0.9,"Continental crust, Endogenous rocks (plutonic and/or metamorphic) - Upper Paleozoic"
-38.765,146.5508,0.9,"Continental crust, Endogenous rocks (plutonic and/or metamorphic) - Upper Paleozoic"
-32.3953,140.8621,0.9,"Continental crust, Endogenous rocks (plutonic and/or metamorphic) - Paleoproterozoic"
-37.1803,145.8013,0.5,"Continental crust, Sedimentary rocks or undifferentiated facies - Upper Paleozoic"
-36.2528,146.0477,0.5,"Continental crust, Sedimentary rocks or undifferentiated facies - Upper Paleozoic"
-33.543,148.3694,0.5,"Continental crust, Sedimentary rocks or undifferentiated facies - Upper Paleozoic"
-33.8238,147.5471,0.5,"Continental crust, Sedimentary rocks or undifferentiated facies - Upper Paleozoic"
-33.5862,149.9307,0.5,"Continental crust, Sedimentary rocks or undifferentiated facies - Upper Paleozoic"
-31.1733,143.4865,0.5,"Continental crust, Sedimentary rocks or undifferentiated facies - Upper Paleozoic"
-32.7421,145.6774,0.5,"Continental crust, Sedimentary rocks or undifferentiated facies - Upper Paleozoic"
-32.6109,148.4646,0.9,"Continental crust, Endogenous rocks (plutonic and/or metamorphic) - Upper Paleozoic"
-40.3981,148.2404,0.9,"Continental crust, Endogenous rocks (plutonic and/or metamorphic) - Upper Paleozoic"
-42.5853,147.2192,0.5,"Continental crust, Sedimentary rocks or undifferentiated facies - Mesozoic"
-37.5406,141.7497,0.5,"Continental crust, Sedimentary rocks or undifferentiated facies - Mesozoic"
-33.2444,150.7499,0.5,"Continental crust, Sedimentary rocks or undifferentiated facies - Mesozoic"
-30.7217,142.8469,0.5,"Continental crust, Sedimentary rocks or undifferentiated facies - Mesozoic"
-30.1632,144.9562,0.5,"Continental crust, Sedimentary rocks or undifferentiated facies - Mesozoic"
-29.8406,145.6199,0.5,"Continental crust, Sedimentary rocks or undifferentiated facies - Mesozoic"
-31.2286,149.154,0.5,"Continental crust, Sedimentary rocks or undifferentiated facies - Mesozoic"
-28.404,152.4467,0.5,"Continental crust, Sedimentary rocks or undifferentiated facies - Mesozoic"
-37.9928,146.8373,0.5,"Continental crust, Sedimentary rocks or undifferentiated facies - Cenozoic"
-43.403,147.2573,0.9,"Continental crust, Endogenous rocks (plutonic and/or metamorphic) - Mesozoic"
-43.1768,147.3661,0.9,"Continental crust, Endogenous rocks (plutonic and/or metamorphic) - Mesozoic"
-42.6517,148.0756,0.9,"Continental crust, Endogenous rocks (plutonic and/or metamorphic) - Mesozoic"
-42.3249,148.2876,0.9,"Continental crust, Endogenous rocks (plutonic and/or metamorphic) - Mesozoic"
-42.1851,147.157,0.9,"Continental crust, Endogenous rocks (plutonic and/or metamorphic) - Mesozoic"
-41.6466,147.1408,0.5,"Continental crust, Sedimentary rocks or undifferentiated facies - Cenozoic"
-41.0489,147.4902,0.5,"Continental crust, Sedimentary rocks or undifferentiated facies - Cenozoic"
-36.3906,149.0354,0.8,"Continental crust, Extrusive volcanic rocks (traps exepted) - Cenozoic"
-34.5164,149.3641,0.8,"Continental crust, Extrusive volcanic rocks (traps exepted) - Cenozoic"
-34.4055,149.7712,0.8,"Continental crust, Extrusive volcanic rocks (traps exepted) - Cenozoic"
-41.4342,145.8117,0.8,"Continental crust, Extrusive volcanic rocks (traps exepted) - Cenozoic"
-41.232,145.3167,0.8,"Continental crust, Extrusive volcanic rocks (traps exepted) - Cenozoic"
-38.4577,145.9089,0.8,"Continental crust, Extrusive volcanic rocks (traps exepted) - Cenozoic"
-38.3404,146.3113,0.8,"Continental crust, Extrusive volcanic rocks (traps exepted) - Cenozoic"
-38.1222,145.8941,0.8,"Continental crust, Extrusive volcanic rocks (traps exepted) - Cenozoic"
-33.2607,148.9197,0.8,"Continental crust, Extrusive volcanic rocks (traps exepted) - Cenozoic"
-31.5154,150.7005,0.8,"Continental crust, Extrusive volcanic rocks (traps exepted) - Cenozoic"
-30.3851,152.3399,0.8,"Continental crust, Extrusive volcanic rocks (traps exepted) - Cenozoic"
-29.6143,151.2262,0.8,"Continental crust, Extrusive volcanic rocks (traps exepted) - Cenozoic"
-32.2365,138.4236,0.5,"Continental crust, Sedimentary rocks or undifferentiated facies - Neoproterozoic"
-40.9325,144.9311,0.5,"Continental crust, Sedimentary rocks or undifferentiated facies - Neoproterozoic"
-40.6797,144.9324,0.5,"Continental crust, Sedimentary rocks or undifferentiated facies - Neoproterozoic"
-40.511,144.7581,0.5,"Continental crust, Sedimentary rocks or undifferentiated facies - Neoproterozoic"
-40.4258,144.9011,0.5,"Continental crust, Sedimentary rocks or undifferentiated facies - Neoproterozoic"
-31.8264,141.4078,0.5,"Continental crust, Sedimentary rocks or undifferentiated facies - Neoproterozoic"
-30.7406,141.9714,0.5,"Continental crust, Sedimentary rocks or undifferentiated facies - Neoproterozoic"
-34.9612,148.7242,0.4,Lake
-30.7327,139.8064,0.4,Lake
-41.3489,145.1215,0.5,"Continental crust, Sedimentary rocks or undifferentiated facies - Mesoproterozoic"
-42.9964,146.148,0.9,"Continental crust, Endogenous rocks (plutonic and/or metamorphic) - Mesoproterozoic"
-41.7051,145.8818,0.9,"Continental crust, Endogenous rocks (plutonic and/or metamorphic) - Mesoproterozoic"
-39.8551,143.9905,0.9,"Continental crust, Endogenous rocks (plutonic and/or metamorphic) - Mesoproterozoic"
-42.1033,145.9707,0.5,"Continental crust, Sedimentary rocks or undifferentiated facies - Paleozoic"
-18.9161,135.2252,0.4,"Continental or island shelf (depth lower than 200 m), except Antarctica"
-31.0891,151.4965,0.5,"Continental crust, Sedimentary rocks or undifferentiated facies - Upper Paleozoic"
-38.4464,145.9825,0.5,"Continental crust, Sedimentary rocks or undifferentiated facies - Mesozoic"
-24.5274,145.1282,0.5,"Continental crust, Sedimentary rocks or undifferentiated facies - Mesozoic"
-27.726,140.5784,0.5,"Continental crust, Sedimentary rocks or undifferentiated facies - Cenozoic"
-21.8507,153.5977,0.4,"Continental or island shelf (depth lower than 200 m), except Antarctica"
-19.451,145.8664,0.5,"Continental crust, Sedimentary rocks or undifferentiated facies - Upper Paleozoic"
-17.7977,146.0223,0.5,"Continental crust, Sedimentary rocks or undifferentiated facies - Upper Paleozoic"
-28.177,146.6978,0.5,"Continental crust, Sedimentary rocks or undifferentiated facies - Mesozoic"
-27.3926,141.0328,0.5,"Continental crust, Sedimentary rocks or undifferentiated facies - Mesozoic"
-20.2727,146.8334,0.9,"Continental crust, Endogenous rocks (plutonic and/or metamorphic) - Lower Paleozoic"
-19.7205,144.7034,0.9,"Continental crust, Endogenous rocks (plutonic and/or metamorphic) - Lower Paleozoic"
-29.6002,147.369,0.5,"Continental crust, Sedimentary rocks or undifferentiated facies - Mesozoic"
-17.0285,150.0195,0.4,"Continental or island shelf (depth lower than 200 m), except Antarctica"
-16.6595,148.4881,0.4,"Continental or island shelf (depth lower than 200 m), except Antarctica"
-16.5521,147.9039,0.4,"Continental or island shelf (depth lower than 200 m), except Antarctica"
-16.3357,149.9191,0.4,"Continental or island shelf (depth lower than 200 m), except Antarctica"
-16.1067,149.6362,0.4,"Continental or island shelf (depth lower than 200 m), except Antarctica"
-19.2029,152.2882,0.4,"Continental or island shelf (depth lower than 200 m), except Antarctica"
-17.6453,148.4242,0.4,"Continental or island shelf (depth lower than 200 m), except Antarctica"
-17.6382,150.5653,0.4,"Continental or island shelf (depth lower than 200 m), except Antarctica"
-17.4181,151.6896,0.4,"Continental or island shelf (depth lower than 200 m), except Antarctica"
-16.9962,149.1093,0.4,"Continental or island shelf (depth lower than 200 m), except Antarctica"
-16.123,144.8975,0.5,"Continental crust, Sedimentary rocks or undifferentiated facies - Upper Paleozoic"
-18.7743,140.3019,0.5,"Continental crust, Sedimentary rocks or undifferentiated facies - Mesozoic"
-21.45,148.3863,0.8,"Continental crust, Extrusive volcanic rocks (traps exepted) - Cenozoic"
-22.8017,147.5791,0.5,"Continental crust, Sedimentary rocks or undifferentiated facies - Lower Paleozoic"
-21.5654,140.1671,0.5,"Continental crust, Sedimentary rocks or undifferentiated facies - Lower Paleozoic"
-18.967,145.2916,0.5,"Continental crust, Sedimentary rocks or undifferentiated facies - Lower Paleozoic"
-18.66,144.0978,0.5,"Continental crust, Sedimentary rocks or undifferentiated facies - Lower Paleozoic"
-26.805,151.9299,0.5,"Continental crust, Sedimentary rocks or undifferentiated facies - Upper Paleozoic"
-20.551,139.4731,0.9,"Continental crust, Endogenous rocks (plutonic and/or metamorphic) - Paleoproterozoic"
-15.3486,143.4799,0.9,"Continental crust, Endogenous rocks (plutonic and/or metamorphic) - Upper Paleozoic"
-20.446,148.2906,0.9,"Continental crust, Endogenous rocks (plutonic and/or metamorphic) - Mesozoic"
-20.811,147.1243,0.8,"Continental crust, Extrusive volcanic rocks (traps exepted) - Upper Paleozoic"
-20.4914,149.0726,0.8,"Continental crust, Extrusive volcanic rocks (traps exepted) - Upper Paleozoic"
-20.2522,148.9881,0.8,"Continental crust, Extrusive volcanic rocks (traps exepted) - Upper Paleozoic"
-21.3365,149.074,0.8,"Continental crust, Extrusive volcanic rocks (traps exepted) - Upper Paleozoic"
-20.1114,148.9298,0.8,"Continental crust, Extrusive volcanic rocks (traps exepted) - Upper Paleozoic"
-20.011,148.4616,0.8,"Continental crust, Extrusive volcanic rocks (traps exepted) - Upper Paleozoic"
-19.1413,146.8294,0.8,"Continental crust, Extrusive volcanic rocks (traps exepted) - Upper Paleozoic"
-19.4439,146.6239,0.8,"Continental crust, Extrusive volcanic rocks (traps exepted) - Upper Paleozoic"
-28.7825,151.4464,0.5,"Continental crust, Sedimentary rocks or undifferentiated facies - Upper Paleozoic"
-27.5581,153.4518,0.5,"Continental crust, Sedimentary rocks or undifferentiated facies - Upper Paleozoic"
-23.8211,151.3535,0.5,"Continental crust, Sedimentary rocks or undifferentiated facies - Upper Paleozoic"
-23.6145,151.1654,0.5,"Continental crust, Sedimentary rocks or undifferentiated facies - Upper Paleozoic"
-23.1776,150.971,0.5,"Continental crust, Sedimentary rocks or undifferentiated facies - Upper Paleozoic"
-22.3858,149.7315,0.5,"Continental crust, Sedimentary rocks or undifferentiated facies - Upper Paleozoic"
-22.2887,150.5025,0.5,"Continental crust, Sedimentary rocks or undifferentiated facies - Upper Paleozoic"
-22.1445,149.8982,0.5,"Continental crust, Sedimentary rocks or undifferentiated facies - Upper Paleozoic"
-21.7523,150.3301,0.5,"Continental crust, Sedimentary rocks or undifferentiated facies - Cenozoic"
-21.6639,150.2742,0.5,"Continental crust, Sedimentary rocks or undifferentiated facies - Cenozoic"
-20.685,148.1802,0.9,"Continental crust, Endogenous rocks (plutonic and/or metamorphic) - Upper Paleozoic"
-18.3707,146.2371,0.9,"Continental crust, Endogenous rocks (plutonic and/or metamorphic) - Upper Paleozoic"
-29.3561,144.6859,0.5,"Continental crust, Sedimentary rocks or undifferentiated facies - Mesozoic"
-29.8406,145.6199,0.5,"Continental crust, Sedimentary rocks or undifferentiated facies - Mesozoic"
-31.2286,149.154,0.5,"Continental crust, Sedimentary rocks or undifferentiated facies - Mesozoic"
-29.4238,150.2526,0.5,"Continental crust, Sedimentary rocks or undifferentiated facies - Mesozoic"
-17.5289,140.8427,0.5,"Continental crust, Sedimentary rocks or undifferentiated facies - Mesozoic"
-28.404,152.4467,0.5,"Continental crust, Sedimentary rocks or undifferentiated facies - Mesozoic"
-25.8056,139.8415,0.5,"Continental crust, Sedimentary rocks or undifferentiated facies - Mesozoic"
-25.8597,152.5543,0.5,"Continental crust, Sedimentary rocks or undifferentiated facies - Mesozoic"
-20.5421,141.0115,0.5,"Continental crust, Sedimentary rocks or undifferentiated facies - Mesozoic"
-17.4038,143.5687,0.5,"Continental crust, Sedimentary rocks or undifferentiated facies - Mesozoic"
-15.4339,144.2833,0.5,"Continental crust, Sedimentary rocks or undifferentiated facies - Mesozoic"
-12.6947,142.5967,0.5,"Continental crust, Sedimentary rocks or undifferentiated facies - Mesozoic"
-24.3134,151.8032,0.8,"Continental crust, Extrusive volcanic rocks (traps exepted) - Mesozoic"
-15.112,144.1081,0.5,"Continental crust, Sedimentary rocks or undifferentiated facies - Cenozoic"
-16.8884,138.0198,0.5,"Continental crust, Sedimentary rocks or undifferentiated facies - Cenozoic"
-27.1388,153.4025,0.5,"Continental crust, Sedimentary rocks or undifferentiated facies - Cenozoic"
-25.3079,152.9776,0.5,"Continental crust, Sedimentary rocks or undifferentiated facies - Cenozoic"
-25.5392,152.785,0.5,"Continental crust, Sedimentary rocks or undifferentiated facies - Cenozoic"
-21.5115,147.9709,0.8,"Continental crust, Extrusive volcanic rocks (traps exepted) - Cenozoic"
-25.2787,153.1514,0.5,"Continental crust, Sedimentary rocks or undifferentiated facies - Cenozoic"
-23.5781,140.6188,0.5,"Continental crust, Sedimentary rocks or undifferentiated facies - Cenozoic"
-23.8768,150.2544,0.5,"Continental crust, Sedimentary rocks or undifferentiated facies - Cenozoic"
-22.9693,142.5977,0.5,"Continental crust, Sedimentary rocks or undifferentiated facies - Cenozoic"
-22.8589,141.6883,0.5,"Continental crust, Sedimentary rocks or undifferentiated facies - Cenozoic"
-23.4035,149.2556,0.5,"Continental crust, Sedimentary rocks or undifferentiated facies - Cenozoic"
-21.249,147.4596,0.5,"Continental crust, Sedimentary rocks or undifferentiated facies - Cenozoic"
-21.6762,144.5988,0.5,"Continental crust, Sedimentary rocks or undifferentiated facies - Cenozoic"
-20.4569,145.9344,0.5,"Continental crust, Sedimentary rocks or undifferentiated facies - Cenozoic"
-15.8582,144.8722,0.8,"Continental crust, Extrusive volcanic rocks (traps exepted) - Cenozoic"
-29.6143,151.2262,0.8,"Continental crust, Extrusive volcanic rocks (traps exepted) - Cenozoic"
-28.6421,153.21,0.8,"Continental crust, Extrusive volcanic rocks (traps exepted) - Cenozoic"
-26.662,148.0592,0.8,"Continental crust, Extrusive volcanic rocks (traps exepted) - Cenozoic"
-27.3689,151.7444,0.8,"Continental crust, Extrusive volcanic rocks (traps exepted) - Cenozoic"
-26.0728,148.2103,0.8,"Continental crust, Extrusive volcanic rocks (traps exepted) - Cenozoic"
-24.9841,149.4717,0.8,"Continental crust, Extrusive volcanic rocks (traps exepted) - Cenozoic"
-24.9234,150.7139,0.8,"Continental crust, Extrusive volcanic rocks (traps exepted) - Cenozoic"
-24.8365,152.3649,0.8,"Continental crust, Extrusive volcanic rocks (traps exepted) - Cenozoic"
-24.3881,148.2255,0.8,"Continental crust, Extrusive volcanic rocks (traps exepted) - Cenozoic"
-22.7346,148.9057,0.8,"Continental crust, Extrusive volcanic rocks (traps exepted) - Cenozoic"
-22.7032,147.8845,0.8,"Continental crust, Extrusive volcanic rocks (traps exepted) - Cenozoic"
-20.2166,144.2442,0.8,"Continental crust, Extrusive volcanic rocks (traps exepted) - Cenozoic"
-19.8186,145.342,0.8,"Continental crust, Extrusive volcanic rocks (traps exepted) - Cenozoic"
-18.087,145.4118,0.8,"Continental crust, Extrusive volcanic rocks (traps exepted) - Cenozoic"
-18.3076,144.7151,0.8,"Continental crust, Extrusive volcanic rocks (traps exepted) - Cenozoic"
-17.6146,145.9491,0.8,"Continental crust, Extrusive volcanic rocks (traps exepted) - Cenozoic"
-17.2861,145.6121,0.8,"Continental crust, Extrusive volcanic rocks (traps exepted) - Cenozoic"
-27.8133,148.6653,0.4,Lake
-25.0774,139.9273,0.4,Lake
-21.0183,140.353,0.9,"Continental crust, Endogenous rocks (plutonic and/or metamorphic) - Mesoproterozoic"
-18.757,143.3389,0.9,"Continental crust, Endogenous rocks (plutonic and/or metamorphic) - Mesoproterozoic"
-17.5754,143.9471,0.9,"Continental crust, Endogenous rocks (plutonic and/or metamorphic) - Mesoproterozoic"
-16.4199,143.6612,0.9,"Continental crust, Endogenous rocks (plutonic and/or metamorphic) - Mesoproterozoic"
-14.9749,143.0213,0.9,"Continental crust, Endogenous rocks (plutonic and/or metamorphic) - Mesoproterozoic"
-18.9161,135.2252,0.4,"Continental or island shelf (depth lower than 200 m), except Antarctica"
-17.8634,145.0329,0.9,"Continental crust, Endogenous rocks (plutonic and/or metamorphic) - Upper Paleozoic"
-31.0891,151.4965,0.5,"Continental crust, Sedimentary rocks or undifferentiated facies - Upper Paleozoic"
-23.6669,149.2386,0.5,"Continental crust, Sedimentary rocks or undifferentiated facies - Upper Paleozoic"
-24.5274,145.1282,0.5,"Continental crust, Sedimentary rocks or undifferentiated facies - Mesozoic"
-27.726,140.5784,0.5,"Continental crust, Sedimentary rocks or undifferentiated facies - Cenozoic"
-17.1879,141.9484,0.5,"Continental crust, Sedimentary rocks or undifferentiated facies - Cenozoic"
-0.8294,145.3156,0.4,"Continental or island shelf (depth lower than 200 m), except Antarctica"
-10.5339,142.3133,0.9,"Continental crust, Endogenous rocks (plutonic and/or metamorphic) - Upper Paleozoic"
-10.1972,142.2654,0.9,"Continental crust, Endogenous rocks (plutonic and/or metamorphic) - Upper Paleozoic"
-10.1228,142.1479,0.9,"Continental crust, Endogenous rocks (plutonic and/or metamorphic) - Upper Paleozoic"
-5.4497,144.963,0.4,Ophiolitic complex of Meso-Cenozoic age
-4.9697,142.8194,0.4,Ophiolitic complex of Meso-Cenozoic age
-16.123,144.8975,0.5,"Continental crust, Sedimentary rocks or undifferentiated facies - Upper Paleozoic"
-10.627,150.9978,0.8,"Continental crust, Extrusive volcanic rocks (traps exepted) - Cenozoic"
-9.1594,153.5489,0.4,"Continental or island shelf (depth lower than 200 m), except Antarctica"
-8.7849,151.9878,0.4,"Continental or island shelf (depth lower than 200 m), except Antarctica"
-2.8374,146.3865,0.4,"Continental or island shelf (depth lower than 200 m), except Antarctica"
-1.5235,145.131,0.4,"Continental or island shelf (depth lower than 200 m), except Antarctica"
-15.3486,143.4799,0.9,"Continental crust, Endogenous rocks (plutonic and/or metamorphic) - Upper Paleozoic"
-13.136,143.1992,0.9,"Continental crust, Endogenous rocks (plutonic and/or metamorphic) - Upper Paleozoic"
-10.686,142.1857,0.9,"Continental crust, Endogenous rocks (plutonic and/or metamorphic) - Upper Paleozoic"
-10.6091,142.2841,0.9,"Continental crust, Endogenous rocks (plutonic and/or metamorphic) - Upper Paleozoic"
-10.5534,142.2173,0.9,"Continental crust, Endogenous rocks (plutonic and/or metamorphic) - Upper Paleozoic"
-5.223,154.6358,0.5,"Continental crust, Sedimentary rocks or undifferentiated facies - Cenozoic"
-5.1481,151.5794,0.5,"Continental crust, Sedimentary rocks or undifferentiated facies - Cenozoic"
-4.0915,145.0654,0.5,"Continental crust, Sedimentary rocks or undifferentiated facies - Cenozoic"
-4.1044,152.9006,0.5,"Continental crust, Sedimentary rocks or undifferentiated facies - Cenozoic"
-7.7444,146.8264,0.9,"Continental crust, Endogenous rocks (plutonic and/or metamorphic) - Mesozoic"
-4.5083,140.8199,0.9,"Continental crust, Endogenous rocks (plutonic and/or metamorphic) - Mesozoic"
-2.9498,150.9052,0.5,"Continental crust, Sedimentary rocks or undifferentiated facies - Cenozoic"
-3.0955,151.5637,0.5,"Continental crust, Sedimentary rocks or undifferentiated facies - Cenozoic"
-15.4339,144.2833,0.5,"Continental crust, Sedimentary rocks or undifferentiated facies - Mesozoic"
-11.5033,153.4752,0.5,"Continental crust, Sedimentary rocks or undifferentiated facies - Mesozoic"
-11.3698,154.1466,0.5,"Continental crust, Sedimentary rocks or undifferentiated facies - Mesozoic"
-11.2308,153.1783,0.5,"Continental crust, Sedimentary rocks or undifferentiated facies - Mesozoic"
-12.6947,142.5967,0.5,"Continental crust, Sedimentary rocks or undifferentiated facies - Mesozoic"
-10.6677,152.7308,0.5,"Continental crust, Sedimentary rocks or undifferentiated facies - Mesozoic"
-5.398,141.6358,0.5,"Continental crust, Sedimentary rocks or undifferentiated facies - Mesozoic"
-15.112,144.1081,0.5,"Continental crust, Sedimentary rocks or undifferentiated facies - Cenozoic"
-6.0982,143.0178,0.8,"Continental crust, Extrusive volcanic rocks (traps exepted) - Cenozoic"
-5.9039,145.1407,0.8,"Continental crust, Extrusive volcanic rocks (traps exepted) - Cenozoic"
-6.1797,146.6942,0.8,"Continental crust, Extrusive volcanic rocks (traps exepted) - Cenozoic"
-5.9407,143.9631,0.8,"Continental crust, Extrusive volcanic rocks (traps exepted) - Cenozoic"
-5.6518,147.924,0.8,"Continental crust, Extrusive volcanic rocks (traps exepted) - Cenozoic"
-5.6599,148.7645,0.8,"Continental crust, Extrusive volcanic rocks (traps exepted) - Cenozoic"
-5.7217,150.5137,0.5,"Continental crust, Sedimentary rocks or undifferentiated facies - Cenozoic"
-9.2996,147.0754,0.5,"Continental crust, Sedimentary rocks or undifferentiated facies - Cenozoic"
-9.6721,149.0686,0.5,"Continental crust, Sedimentary rocks or undifferentiated facies - Cenozoic"
-9.0785,152.7974,0.5,"Continental crust, Sedimentary rocks or undifferentiated facies - Cenozoic"
-5.9382,149.4955,0.5,"Continental crust, Sedimentary rocks or undifferentiated facies - Cenozoic"
-8.9149,146.7188,0.5,"Continental crust, Sedimentary rocks or undifferentiated facies - Cenozoic"
-8.5363,151.0808,0.5,"Continental crust, Sedimentary rocks or undifferentiated facies - Cenozoic"
-8.5706,143.4479,0.5,"Continental crust, Sedimentary rocks or undifferentiated facies - Cenozoic"
-8.4167,143.481,0.5,"Continental crust, Sedimentary rocks or undifferentiated facies - Cenozoic"
-8.3831,143.6477,0.5,"Continental crust, Sedimentary rocks or undifferentiated facies - Cenozoic"
-8.4747,148.0292,0.5,"Continental crust, Sedimentary rocks or undifferentiated facies - Cenozoic"
-8.2098,143.6979,0.5,"Continental crust, Sedimentary rocks or undifferentiated facies - Cenozoic"
-8.1316,143.6636,0.5,"Continental crust, Sedimentary rocks or undifferentiated facies - Cenozoic"
-8.0481,143.6472,0.5,"Continental crust, Sedimentary rocks or undifferentiated facies - Cenozoic"
-7.769,143.9459,0.5,"Continental crust, Sedimentary rocks or undifferentiated facies - Cenozoic"
-8.9231,148.2073,0.8,"Continental crust, Extrusive volcanic rocks (traps exepted) - Cenozoic"
-4.6859,149.5115,0.8,"Continental crust, Extrusive volcanic rocks (traps exepted) - Cenozoic"
-4.6517,145.9663,0.8,"Continental crust, Extrusive volcanic rocks (traps exepted) - Cenozoic"
-4.6872,152.1947,0.8,"Continental crust, Extrusive volcanic rocks (traps exepted) - Cenozoic"
-4.8712,145.4643,0.8,"Continental crust, Extrusive volcanic rocks (traps exepted) - Cenozoic"
-4.6418,142.4653,0.8,"Continental crust, Extrusive volcanic rocks (traps exepted) - Cenozoic"
-4.2781,152.771,0.8,"Continental crust, Extrusive volcanic rocks (traps exepted) - Cenozoic"
-3.4746,153.2283,0.8,"Continental crust, Extrusive volcanic rocks (traps exepted) - Cenozoic"
-4.3971,154.144,0.8,"Continental crust, Extrusive volcanic rocks (traps exepted) - Cenozoic"
-2.0807,146.9268,0.8,"Continental crust, Extrusive volcanic rocks (traps exepted) - Cenozoic"
-1.7078,142.8365,0.8,"Continental crust, Extrusive volcanic rocks (traps exepted) - Cenozoic"
-10.5932,150.8399,0.8,"Continental crust, Extrusive volcanic rocks (traps exepted) - Cenozoic"
-9.9885,151.0469,0.8,"Continental crust, Extrusive volcanic rocks (traps exepted) - Cenozoic"
-9.5269,150.6664,0.8,"Continental crust, Extrusive volcanic rocks (traps exepted) - Cenozoic"
-9.3605,150.2469,0.8,"Continental crust, Extrusive volcanic rocks (traps exepted) - Cenozoic"
-9.1785,149.1027,0.8,"Continental crust, Extrusive volcanic rocks (traps exepted) - Cenozoic"
-9.5978,148.2285,0.8,"Continental crust, Extrusive volcanic rocks (traps exepted) - Cenozoic"
-8.0261,147.6634,0.8,"Continental crust, Extrusive volcanic rocks (traps exepted) - Cenozoic"
-7.0991,144.4887,0.8,"Continental crust, Extrusive volcanic rocks (traps exepted) - Cenozoic"
-7.2156,145.9948,0.8,"Continental crust, Extrusive volcanic rocks (traps exepted) - Cenozoic"
-6.552,144.7946,0.8,"Continental crust, Extrusive volcanic rocks (traps exepted) - Cenozoic"
-6.3797,145.8714,0.8,"Continental crust, Extrusive volcanic rocks (traps exepted) - Cenozoic"
-6.7409,142.6439,0.8,"Continental crust, Extrusive volcanic rocks (traps exepted) - Cenozoic"
-5.4245,148.1096,0.8,"Continental crust, Extrusive volcanic rocks (traps exepted) - Cenozoic"
-5.3239,147.6023,0.8,"Continental crust, Extrusive volcanic rocks (traps exepted) - Cenozoic"
-5.3228,147.1205,0.8,"Continental crust, Extrusive volcanic rocks (traps exepted) - Cenozoic"
-5.3467,151.911,0.8,"Continental crust, Extrusive volcanic rocks (traps exepted) - Cenozoic"
-5.6726,150.5235,0.8,"Continental crust, Extrusive volcanic rocks (traps exepted) - Cenozoic"
-4.8941,149.1498,0.8,"Continental crust, Extrusive volcanic rocks (traps exepted) - Cenozoic"
-4.8242,146.2309,0.8,"Continental crust, Extrusive volcanic rocks (traps exepted) - Cenozoic"
-4.0823,153.6345,0.8,"Continental crust, Extrusive volcanic rocks (traps exepted) - Cenozoic"
-4.2107,141.539,0.8,"Continental crust, Extrusive volcanic rocks (traps exepted) - Cenozoic"
-3.4791,154.815,0.8,"Continental crust, Extrusive volcanic rocks (traps exepted) - Cenozoic"
-3.3939,153.3107,0.8,"Continental crust, Extrusive volcanic rocks (traps exepted) - Cenozoic"
-3.1274,152.6119,0.8,"Continental crust, Extrusive volcanic rocks (traps exepted) - Cenozoic"
-2.9239,152.0265,0.8,"Continental crust, Extrusive volcanic rocks (traps exepted) - Cenozoic"
-3.0258,140.0072,0.8,"Continental crust, Extrusive volcanic rocks (traps exepted) - Cenozoic"
-2.7796,151.965,0.8,"Continental crust, Extrusive volcanic rocks (traps exepted) - Cenozoic"
-2.6367,151.9953,0.8,"Continental crust, Extrusive volcanic rocks (traps exepted) - Cenozoic"
-2.5336,150.2355,0.8,"Continental crust, Extrusive volcanic rocks (traps exepted) - Cenozoic"
-2.3036,147.8188,0.8,"Continental crust, Extrusive volcanic rocks (traps exepted) - Cenozoic"
-1.3884,144.5134,0.8,"Continental crust, Extrusive volcanic rocks (traps exepted) - Cenozoic"
-1.4766,149.6511,0.8,"Continental crust, Extrusive volcanic rocks (traps exepted) - Cenozoic"
-1.11,144.5187,0.8,"Continental crust, Extrusive volcanic rocks (traps exepted) - Cenozoic"
-7.2272,146.6421,0.9,"Continental crust, Endogenous rocks (plutonic and/or metamorphic) - Cenozoic"
-5.0658,143.6333,0.9,"Continental crust, Endogenous rocks (plutonic and/or metamorphic) - Cenozoic"
-4.3065,151.6557,0.9,"Continental crust, Endogenous rocks (plutonic and/or metamorphic) - Cenozoic"
-3.7655,139.9027,0.9,"Continental crust, Endogenous rocks (plutonic and/or metamorphic) - Cenozoic"
-3.5637,142.5976,0.9,"Continental crust, Endogenous rocks (plutonic and/or metamorphic) - Cenozoic"
-14.9749,143.0213,0.9,"Continental crust, Endogenous rocks (plutonic and/or metamorphic) - Mesoproterozoic"
-14.1789,143.427,0.9,"Continental crust, Endogenous rocks (plutonic and/or metamorphic) - Mesoproterozoic"
-4.7168,139.8087,0.5,"Continental crust, Sedimentary rocks or undifferentiated facies - Paleozoic"
-9.3949,148.556,0.4,Ophiolitic complex of Meso-Cenozoic age
-8.6589,147.7594,0.4,Ophiolitic complex of Meso-Cenozoic age
-7.6035,147.1611,0.4,Ophiolitic complex of Meso-Cenozoic age
-18.9161,135.2252,0.4,"Continental or island shelf (depth lower than 200 m), except Antarctica"
-11.375,154.2356,0.4,"Continental or island shelf (depth lower than 200 m), except Antarctica"
-9.0923,152.7358,0.4,"Continental or island shelf (depth lower than 200 m), except Antarctica"
-8.9279,150.6785,0.4,"Continental or island shelf (depth lower than 200 m), except Antarctica"
-7.4618,157.5939,0.4,"Continental or island shelf (depth lower than 200 m), except Antarctica"
-4.6714,149.5387,0.4,"Continental or island shelf (depth lower than 200 m), except Antarctica"
-4.3937,154.1582,0.4,"Continental or island shelf (depth lower than 200 m), except Antarctica"
-5.3364,150.1562,0.4,"Continental or island shelf (depth lower than 200 m), except Antarctica"
-4.012,153.6831,0.4,"Continental or island shelf (depth lower than 200 m), except Antarctica"
-3.4284,153.2741,0.4,"Continental or island shelf (depth lower than 200 m), except Antarctica"
-3.3572,154.7569,0.4,"Continental or island shelf (depth lower than 200 m), except Antarctica"
-2.9809,152.6667,0.4,"Continental or island shelf (depth lower than 200 m), except Antarctica"
-2.799,152.017,0.4,"Continental or island shelf (depth lower than 200 m), except Antarctica"
-2.1089,147.135,0.4,"Continental or island shelf (depth lower than 200 m), except Antarctica"
-1.7273,142.8506,0.4,"Continental or island shelf (depth lower than 200 m), except Antarctica"
-1.5434,149.7773,0.4,"Continental or island shelf (depth lower than 200 m), except Antarctica"
-1.2941,144.4481,0.4,"Continental or island shelf (depth lower than 200 m), except Antarctica"
-6.4076,140.4298,0.5,"Continental crust, Sedimentary rocks or undifferentiated facies - Cenozoic"
-3.623,141.2596,0.5,"Continental crust, Sedimentary rocks or undifferentiated facies - Cenozoic"
-5.4883,143.7592,0.5,"Continental crust, Sedimentary rocks or undifferentiated facies - Mesozoic"
-6.2143,155.2856,0.8,"Continental crust, Extrusive volcanic rocks (traps exepted) - Cenozoic"
-17.1879,141.9484,0.5,"Continental crust, Sedimentary rocks or undifferentiated facies - Cenozoic"
